ngoId,ngoName,orgEmail,officePhone,primaryPoc,primaryPocPhone,secondaryPoc,secondaryPocPhone,mailingAddress,physicalAddress,fieldOffices,orgType,orgWebsite,websiteIsValid,facebook,twitter,iInstagram,youtube,whatsapp,otherSocials,scrapeSource,executiveDirector,technicalSupport,chairmanName,chairmanMobile,chairmanEmail,viceChairmanName,viceChairmanMobile,viceChairmanEmail,secretaryName,secretaryMobile,secretaryEmail,assistantSecretaryName,assistantSecretaryMobile,assistantSecretaryEmail
05a69203-8194-3a20-ad28-0a9f8ec3b16d,,,,,,,,"room A-528, Near Dayal Market, Narela Road, Alipur, New Delhi, Delhi- 110036",,,,http://www.tpfindia.org,,,,,,,,,,,,,,,,,,,,,,
c4e895fb-a222-36a9-aec9-7901492fb709,,,,,,,,"room Plot # 1300 A, Jubilee Hills,, Road # 66,, Hyderabad, Telangana- 500033",,,,http://http://www.breadsocietyindia.org/,,,,,,,,,,,,,,,,,,,,,,
3b09be47-3ca6-3f36-a96f-d54bb284f042,,,,,,,,"room No.151/f, Premises of Bapuji Children's Home, Gokulam 3rd Stage, 4th Cross, Mysore, Karnataka- 570002",,,,http://www.divyajyothitrust.org,,,,,,,,,,,,,,,,,,,,,,
d2741124-86d2-317f-adb5-eca14677abec,,,,,,,,"room ATMA Foundation, Surya Gardens,, Paliyam Road, Thrissur, Kerala- 680001",,,,http://www.atmafoundation.org,,,,,,,,,,,,,,,,,,,,,,
4f3a89b2-1a9f-3692-9101-a416e7f47c89,,,,,,,,"room Calcutta Rescue 4th Floor, 85 Collin Street, Kolkata, West Bengal- 700016",,,,http://www.calcuttarescue.org,,,,,,,,,,,,,,,,,,,,,,
e1b26bed-ca0e-330f-a818-2782b33d0c89,,,,,,,,"room Ashok nagar 5th Line Main road, Berhampur, Ganjam, Berhampur, Odisha- 760004",,,,http://www.mcfvh.org,,,,,,,,,,,,,,,,,,,,,,
2ff68544-6790-3c40-b775-cae7940e6316,,,,,,,,"room AT-H.N.COLONY, GUNDICHA VIHAR,, SARBODAY NAGAR,, Puri, Odisha- 752002",,,,,,,,,,,,,,,,,,,,,,,,,,
12cb662e-1c12-3c78-af3b-41b6411c4e86,,,,,,,,"room Sector 3, House number 58, Ground Floor,, Niladribihar, Bhubaneswar, Odisha- 751021",,,,,,,,,,,,,,,,,,,,,,,,,,
38dac131-0290-3c1e-aeba-ce78870af9f4,,,,,,,,"room H-28,1st Floor, Om Complex, Laxmi Nagar, New Delhi, Delhi- 110092",,,,http://www.nsrdc.org,,,,,,,,,,,,,,,,,,,,,,
9aea4363-3220-38a0-bca3-82a5699056ee,,,,,,,,"room A-1/20, Sector-11, Rohini , Delhi-110085, Sector-11, rohini, New Delhi, Delhi- 110048",,,,,,,,,,,,,,,,,,,,,,,,,,
cef20119-73c3-39bf-8026-820b448de57b,,,,,,,,"room PARAYAS Society, V.P.O. Bharog Baneri, Tehsil Poanta Sahib,  District Sirmour, Himachal Pradesh PIN 173022, Sirmour, Sirmaur, Himachal Pradesh- 173022",,,,http://www.prayas-bharat.org,,,,,,,,,,,,,,,,,,,,,,
cb0c680c-3a36-36fa-abee-59344a7fa95d,,,,,,,,"room STATION ROAD At/Po: THERUBALI, Rayagada, Odisha- 765018",,,,,,,,,,,,,,,,,,,,,,,,,,
c490c115-a437-3a49-b144-6e35107d5cf7,,,,,,,,"room HOUSE No. 181 POCKET-1, DWARKA PHASE-1, New Delhi, Delhi- 110075",,,,,,,,,,,,,,,,,,,,,,,,,,
958afb2e-7cee-3eac-a40d-cdc11b39b02d,,,,,,,,"room ‘Gunjan’ Organisation for Community Development, Tapovan Road, Siddhbari,, Kangra, Himachal Pradesh- 176057",,,,,,,,,,,,,,,,,,,,,,,,,,
c92e97fe-041a-3c7e-9347-91b0fb438364,,,,,,,,"room 252/1, Shahpur Jat, Shahpur Jat, New Delhi, Delhi- 110049",,,,http://www.concernforhumanity.org,,,,,,,,,,,,,,,,,,,,,,
427bbaec-3117-3299-897b-dc3d3e4c1e41,,,,,,,,"room 36/1/5, Yusuf sarai village, Behind SBI Green Park, Uphaar Cinema, New Delhi, Delhi- 110016",,,,http://www.aanandamtrust.org,,,,,,,,,,,,,,,,,,,,,,
fb95c4bb-68e7-3d20-b679-c78af8064bc4,,,,,,,,"room 84 Church street, Kanchipuram, Tamil Nadu- 603403",,,,http://www.jrdtindia.org,,,,,,,,,,,,,,,,,,,,,,
7a65f1ed-7d48-3e0f-96a1-54a20a3a974f,,,,,,,,"room E 38, Nirman Vihar, C/o Handicapped Welfare Federation, New Delhi, Delhi- 110092",,,,,,,,,,,,,,,,,,,,,,,,,,
51640508-8fc1-34ba-bfa2-1d2be18d0e75,,,,,,,,"room B-509, Kamla Nehru Camp Near Dsiidc Complesx, Kirti Nagar, New Delhi, Delhi- 110015",,,,,,,,,,,,,,,,,,,,,,,,,,
1df80055-87fc-33ed-815b-970a49f17d8a,,,,,,,,"room A-90, New Modern Shadara, 5, New Delhi, Delhi- 110032",,,,,,,,,,,,,,,,,,,,,,,,,,
05197857-1a26-3891-9240-dbf22048ba63,,,,,,,,"room Plot-70/3530, Behind Hotel Mayfair, Bhubaneswar, Odisha- 751013",,,,http://www.aaina.org.in,,,,,,,,,,,,,,,,,,,,,,
68dd3389-fe3e-36e8-bcd0-16ed1081b091,,,,,,,,"room Alipore Street, Ichapur, Alipore Street, Ahmadpur, West Bengal- 743144",,,,,,,,,,,,,,,,,,,,,,,,,,
0aad7489-da0d-37bb-9b08-8d344019fd80,,,,,,,,"room Plot No 52, Geetanjali Building,, Sector 17, 33/B, Palm Beach Road, Mumbai, Maharashtra- 400705",,,,http://www.aarambh.org,,,,,,,,,,,,,,,,,,,,,,
dd1ce4e0-0e4d-3aab-a363-c0790fc5b170,,,,,,,,"room NEW LIG-10/45, BARRA-6, Kanpur, Kanpur, Uttar Pradesh- 208027",,,,http://www.atmavani.org,,,,,,,,,,,,,,,,,,,,,,
55de6781-47a9-3107-95ae-8eac055f7381,,,,,,,,"room 15, Tardeo Air Condition Marke, Near Cross Road, Tardeo Road, Mumbai, Maharashtra- 400034",,,,http://www.aanganindia.com,,,,,,,,,,,,,,,,,,,,,,
e45b4242-bf64-3ea4-ad5f-4e9aa26808e2,,,,,,,,"room B-127, Malviya Nagar,, Malviya Nagar,, New Delhi, Delhi- 110017",,,,http://www.aarohanngo.org,,,,,,,,,,,,,,,,,,,,,,
5bf5ddbf-adc6-3f40-b409-4791b1c5dd77,,,,,,,,"room 15/221, Malviya Nagar, New Delhi, Delhi- 110017",,,,,,,,,,,,,,,,,,,,,,,,,,
49532f8f-88d7-3ab6-92be-13b8aee9068e,,,,,,,,"room R-10, R Block, Old Uttam Nagar, New Delhi, Delhi- 110059",,,,http://www.abhinavsamaj.org,,,,,,,,,,,,,,,,,,,,,,
c27fae25-8ff7-3479-9546-d9f81d329bd6,,,,,,,,"room R.N.403, 1/18-B, DREAMLAND BUILDING, ASAF ALI ROAD, New Delhi, Delhi- 110002",,,,http://www.abhivyaktifoundation.in,,,,,,,,,,,,,,,,,,,,,,
3b9f8372-8dcd-30ed-9427-231ce000f337,,,,,,,,"room Abhoy Mission, Ramnagar Road No. 1, Agartala, Tripura- 799002",,,,,,,,,,,,,,,,,,,,,,,,,,
379861bd-8be7-3729-8fc4-4efc61eca31e,,,,,,,,"room 405 3 A Cross  HRBR Layout II Block, Bengaluru, Karnataka- 560043",,,,http://www.aashwasan.org,,,,,,,,,,,,,,,,,,,,,,
20a8b448-3f54-337e-8af6-a3c59ae9c5a7,,,,,,,,"room C/o Handicapped Welfare Federation, IP Extn. Patparganj,, New Delhi, Delhi- 110092",,,,http://www.abilityunlimited.com,,,,,,,,,,,,,,,,,,,,,,
7c0533d7-ef12-34ac-99eb-5b8cce638f35,,,,,,,,"room C-2  Flatno 2038, New Delhi, Delhi- 110070",,,,,,,,,,,,,,,,,,,,,,,,,,
b3f48d6e-ffca-3efe-b76f-5893c7543f8e,,,,,,,,"room R - 281, Near Axis Bank, Greater Kailash - I, New Delhi, Delhi- 110048",,,,,,,,,,,,,,,,,,,,,,,,,,
ae94ef85-dc1c-324a-b93c-48388c5818a4,,,,,,,,"room At-Shantinagar, Po-Khariar dIST-, Nuapada, Odisha- 766107",,,,,,,,,,,,,,,,,,,,,,,,,,
8016973d-60a0-3347-9ddf-438d403cdb0a,,,,,,,,"room East Indira Nagar, Road No.- 5, Kankarbagh, Patna, Bihar- 800020",,,,,,,,,,,,,,,,,,,,,,,,,,
40fa75c7-e5b2-34c1-8162-6b446780f77a,,,,,,,,"room G.udaygiri, Main Road, Phulabani, Odisha- 762100",,,,,,,,,,,,,,,,,,,,,,,,,,
aab85a35-040a-344e-9d5b-82f3b1f45662,,,,,,,,"room #6-55A, Parimpusi-543312,Koyyalagudem mandal, west Godavari District, Parimpudi, West Godavari Dist., Andhra Pradesh- 543312",,,,http://www.awardngo.org.in,,,,,,,,,,,,,,,,,,,,,,
a3c05ea0-5d0e-3bfd-8d3b-be31f1d9544d,,,,,,,,"room 2/23 A-B Raisoni Park, Market Yard, Pune, Maharashtra- 411037",,,,,,,,,,,,,,,,,,,,,,,,,,
ef08118a-0d8c-398e-8b5f-6edae2f21b2a,,,,,,,,"room 3/13, Madha Koil St, Kammalam, Poondi Po, Uthiramerur Tk, Kanchipuram, Tamil Nadu- 603406",,,,,,,,,,,,,,,,,,,,,,,,,,
60db253c-caee-3cf8-b368-8f61cf93b16a,,,,,,,,"room Wino Bazar Ukhrul, Ukhrul, Manipur- 795142",,,,,,,,,,,,,,,,,,,,,,,,,,
5e463e8d-ca6a-3859-8a03-1c9cce27c91d,,,,,,,,"room A-1/605, Shruti Park, Kolshet Road, Mumbai, Maharashtra- 400607",,,,http://http://www.arcmumbai.org,,,,,,,,,,,,,,,,,,,,,,
e9929f03-49a6-398a-86e5-a1eeb01b470c,,,,,,,,"room H.No.9-147 Gandhi Bazar, Bellampalli, Telangana- 508248",,,,,,,,,,,,,,,,,,,,,,,,,,
469dff33-84da-3707-86bc-5c1a8b58b4b0,,,,,,,,"room #732 2nd Cross Near Sai Hospital, R K Hegde Nagara, Bengaluru, Karnataka- 560077",,,,http://www.adarane.org,,,,,,,,,,,,,,,,,,,,,,
8c2635db-7283-313f-a0bb-b036a7d3dec0,,,,,,,,"room Sector -B, Pocket -1, Flat No-1106A,, Vasant Kunj, New Delhi- 110070, Vasant Kunj B10 Road, New Delhi, Delhi- 110070",,,,http://www.agsamiti.org,,,,,,,,,,,,,,,,,,,,,,
19f3e848-79db-3f1b-b912-5fe43ca8c4e8,,,,,,,,"room Khallikote,, Main Road, Ganjam, Odisha- 761030",,,,http://www.adarshrehab.org,,,,,,,,,,,,,,,,,,,,,,
cf8532d2-5c8e-31db-94ae-3406bc00bf3b,,,,,,,,"room 2nd floor, Choice Building Swastik Char Rasta, Ahmedabad, Gujarat- 38005",,,,http://www.akdn.org,,,,,,,,,,,,,,,,,,,,,,
70a74785-83de-3ff9-87c9-1a6f6233add6,,,,,,,,"room ""D-134, FIRST FLOOR, EAST OF KAILASH, New Delhi, Delhi- 110065",,,,,,,,,,,,,,,,,,,,,,,,,,
ef84c706-b287-304d-8fb4-28d55e4f8ba8,,,,,,,,"room 1/A, Vivekanand Marg North S K Puri,, Boring Road, Patna, Bihar- 800013",,,,,,,,,,,,,,,,,,,,,,,,,,
b240c154-6b8c-3684-bfd3-1110769bb22b,,,,,,,,"room A 281, South City 1,, Near Signature Tower, Gurgaon, Haryana- 122001",,,,http://www.agrasar.org,,,,,,,,,,,,,,,,,,,,,,
de9e2d37-1bca-3166-886e-491840663808,,,,,,,,"room 1820/2, 1st Floor Gurudwara Road, Kotla Mubarakpur, New Delhi, Delhi- 110049",,,,,,,,,,,,,,,,,,,,,,,,,,
fb9dd87d-fcfb-33a6-82d7-8b3a675cf947,,,,,,,,"room 292 DG3, New Delhi, Delhi- 110018",,,,,,,,,,,,,,,,,,,,,,,,,,
2bf81cf9-3dca-355e-9060-3371e462b041,,,,,,,,"room B-4 483, Vasant Kunj, New Delhi, Delhi- 110070",,,,,,,,,,,,,,,,,,,,,,,,,,
a4b4228e-a4c3-3935-bd47-097689f0babf,,,,,,,,"room New 7, Old 1/1, Bhagirathi Street, Raja Annamalai Puram, Chennai, Tamil Nadu- 600028",,,,,,,,,,,,,,,,,,,,,,,,,,
84f1ff49-dc01-30ab-b92a-9b054d47e4b6,,,,,,,,"room Institute for the Mentally Handicapped 1318, Near Lal Jain Mandir, Kupwad., Sangli, Maharashtra- 41642",,,,,,,,,,,,,,,,,,,,,,,,,,
367fcfc4-a9f7-3bdd-a115-bbd38530ea78,,,,,,,,"room Wani Plot, Aagalgaon Road, Solapur, Maharashtra- 413401",,,,http://www.ajitfoundation.org,,,,,,,,,,,,,,,,,,,,,,
3e935169-f4eb-326f-a49f-334453558522,,,,,,,,"room No.621, 5th Main. OMBR Layout,, Banaswadi, Bengaluru, Karnataka- 560043",,,,http://www.akshara.org.in,,,,,,,,,,,,,,,,,,,,,,
2562d386-2f7f-335d-b2d9-ceccddd368f3,,,,,,,,"room D-2/6, Sangam Vihar,Ratiya Marg,, D- Block, Hamdard Road, New Delhi, Delhi- 110080",,,,http://www.allindiaprakashsociety.org.in,,,,,,,,,,,,,,,,,,,,,,
dbbb6402-1546-3927-bc40-7e2c796f6ec0,,,,,,,,"room Maa Laxmi Apt-2.Ground Floor. Flat No-D., DE-105/1 Narayantala East, Baguiati Kolkata, Kolkata, West Bengal- 700059",,,,,,,,,,,,,,,,,,,,,,,,,,
11cc83e5-6dcc-3035-85ca-b5d348ab4326,,,,,,,,"room Alok Charitable Trust, B7/1A; Vasant Vihar, New Delhi, Delhi- 110057",,,,,,,,,,,,,,,,,,,,,,,,,,
3eeb82ac-46c7-3e79-8463-3da8dc271786,,,,,,,,"room Aide et Action International - South Asia 16/20, Gilchrist Avenue,, Chennai, Tamil Nadu- 600031",,,,http://http://www.aide-et-action.org,,,,,,,,,,,,,,,,,,,,,,
fca6bece-9873-32ec-a8c8-7e61840248fa,,,,,,,,"room 2151/10T/6 D,, 2151/10T/6 D,, New Patel Nagar, New Delhi, Delhi- 110008",,,,http://http://ayesindia.webs.com,,,,,,,,,,,,,,,,,,,,,,
44ad20cd-3218-3afb-bfcf-01892a4ed1a0,,,,,,,,"room AAmeriCares India Foundation  Seagull House, 1st floor, P.No. 6, Shivaji Colony  Chakala,, Andheri Kurla Road, Mumbai, Maharashtra- 400099",,,,http://www.americaresindia.org,,,,,,,,,,,,,,,,,,,,,,
79ac728f-b872-3a61-b284-9ecb2293dcbd,,,,,,,,"room Phoolbagh, The Mall Kanpur,, Kanpur, Uttar Pradesh- 208001",,,,,,,,,,,,,,,,,,,,,,,,,,
8ecf064a-ac64-3a1b-8913-ab5b816be86d,,,,,,,,"room Plot no 555, Sec-21/C, Faridabad, Haryana- 121001",,,,http://www.anadisevaprakalp.org,,,,,,,,,,,,,,,,,,,,,,
1e22aaee-54a1-350e-8e5a-7fc77a5fb506,,,,,,,,"room 113 St John Chruch Compound, Mehrauli, New Delhi, Delhi- 110030",,,,,,,,,,,,,,,,,,,,,,,,,,
8baeb5a8-5418-3442-8b95-244ed0a79f3a,,,,,,,,"room B-177, East of Kailash, New Delhi, Delhi- 110065",,,,http://www.alternativefutures.org.in,,,,,,,,,,,,,,,,,,,,,,
32dc5249-6848-3852-b85e-fe3c71d080fd,,,,,,,,"room 101-102,  Oriental House,, Gulmohar Enclave Commercial Complex, Yusuf Sarai, New Delhi, Delhi- 110049",,,,http://www.advantageindia.org,,,,,,,,,,,,,,,,,,,,,,
d9485aa2-5272-33cf-a2da-e82c984bf0a9,,,,,,,,"room Amba wadi, Junagadh Road, Rajkot, Gujarat- 360410",,,,http://www.aktrust.org,,,,,,,,,,,,,,,,,,,,,,
1a231cb3-637b-3c9c-af11-1a796f77e95c,,,,,,,,"room 7B NRI COMPLEX, NEW MANDAKINI GK 4, New Delhi, Delhi- 110048",,,,,,,,,,,,,,,,,,,,,,,,,,
d3e291b2-65fd-3924-9731-96b69959c421,,,,,,,,"room 1st Floor, 1st Pushta Khora Colony, NH-24, (Opp. Gaur Biz Park, Indrapuram) Ghaziabad., Ghaziabad, Uttar Pradesh- 201102",,,,,,,,,,,,,,,,,,,,,,,,,,
435f08e9-0812-3a5e-80c4-3f5f47c8b95a,,,,,,,,"room 37 A, 1001, 1ST FLOOR, ,  PRATAP NAGAR,, Mayur Vihar, New Delhi, Delhi- 110091",,,,,,,,,,,,,,,,,,,,,,,,,,
88b888c2-515e-3d91-8994-26fa8d43ba59,,,,,,,,"room C/478,Old Seemapuri, Near Chand Masjid, New Delhi, Delhi- 110095",,,,,,,,,,,,,,,,,,,,,,,,,,
2b19be64-9a96-30a8-b172-96d9b7cbad40,,,,,,,,"room 889-896 / Plot 14  Lotus Colony, Shivaji Nagar  Govandi, Prantha Samaj Road, Mumbai, Maharashtra- 400043",,,,http://www.apnalya.org,,,,,,,,,,,,,,,,,,,,,,
7522291a-8e78-3251-8acc-562aa0ac8909,,,,,,,,"room 61-B, Room No. 6, Ground Floor,, Shankarrao Pupala Marg  Opposite Pochammadevi Temple,          In the lane adjoining Zahoora Sweet         Shop and Sagar Hotel,, 11th Lane Kamathipura,, Mumbai, Maharashtra- 400008",,,,http://www.aawc.in,,,,,,,,,,,,,,,,,,,,,,
b11d79f0-7f89-3149-a33f-61fb029c2beb,,,,,,,,"room F-52, Sec-8,, udyog marg, Noida, Uttar Pradesh- 201301",,,,http://www.aroh.in,,,,,,,,,,,,,,,,,,,,,,
0867db0d-6204-3e66-9a79-6b88ad1a7d86,,,,,,,,"room At-Hatapatana, PO-Kadaliban, Via-Choudakulat Hatapatana, Kendrapara, Odisha- 767035",,,,,,,,,,,,,,,,,,,,,,,,,,
29ce0244-aa51-3f48-b430-163c6f9c4ab6,,,,,,,,"room HOUSE NO 93,ANANDPUR, PO- DORANDA, Ranchi, Jharkhand- 834002",,,,,,,,,,,,,,,,,,,,,,,,,,
05fabba7-81c2-3c39-9e53-f66ec433993e,,,,,,,,"room A 534  G.D Colony, Mayur Vihar Phase 3, New Delhi, Delhi- 110096",,,,,,,,,,,,,,,,,,,,,,,,,,
d0727e66-7803-3cc0-8365-cbe42ba5c117,,,,,,,,"room Arpana Trust, Arpana Research & Charities Trust, Madhuban, Karnal, Karnal, Haryana- 132037",,,,http://www.arpanaservices.org,,,,,,,,,,,,,,,,,,,,,,
80f692ed-f749-3990-ade7-89e85a1e650a,,,,,,,,"room Institute of Health Management, Pachod, Paithan Road, Aurangabad, Maharashtra- 431121",,,,http://www.ihmp.org,,,,,,,,,,,,,,,,,,,,,,
c655354a-f3e6-377a-9bc7-fae295592079,,,,,,,,"room 8-3-1027/A2, Lane Opp,To Indian Bank,Srinagar Colony,, Kagaznagar, Telangana- 500073",,,,http://www.ashrayakruti.org,,,,,,,,,,,,,,,,,,,,,,
14b30243-80d5-3436-b443-49916c3f711a,,,,,,,,"room 885, Sector - 15, Faridabad, Haryana- 122092",,,,http://http://www.ableindiacharities.com,,,,,,,,,,,,,,,,,,,,,,
aaaf3375-e65c-3e08-a68d-b3c34f9b4797,,,,,,,,"room Nargada Village, Danapur Cantt - Shivala Road, Patna, Bihar- 801503",,,,,,,,,,,,,,,,,,,,,,,,,,
3eb75783-93d3-34f6-920a-475b53bcacf0,,,,,,,,"room Palkot, 35/3, Thaltej Silaj Road,, Ahmedabad, Gujarat- 380059",,,,,,,,,,,,,,,,,,,,,,,,,,
ec83d961-59a0-31d4-bd33-2d6744bc7dd7,,,,,,,,"room dhani gujran village Dhani Gujran, Hansi, Hisar, Haryana- 122092",,,,,,,,,,,,,,,,,,,,,,,,,,
994d7808-154e-3492-805c-8356453dc4cc,,,,,,,,"room No. 15, West Pillaiyar Koil Street, Karunguzhi Post, Near State Bank of India, West Pillaiyar Koil Street, Kanchipuram, Tamil Nadu- 603303",,,,http://www.asscod.org,,,,,,,,,,,,,,,,,,,,,,
3eaefa2f-21d9-3fa3-9f29-8aefdcb03ca9,,,,,,,,"room E - 353 New Ashok Nagar, Vasundhara Enclave E - 353, New Ashok Nagar, Vasundhara Enclave, New Delhi, Delhi- 110096",,,,,,,,,,,,,,,,,,,,,,,,,,
fadfdb47-cc85-3c6e-b482-95eebd170a23,,,,,,,,"room 19C, Cantopher Lane Beside Bell Masjid, Kolkata, West Bengal- 700014",,,,http://www.astitvafoundation.com,,,,,,,,,,,,,,,,,,,,,,
46a8260f-e749-32ee-8536-d4a079ddc32a,,,,,,,,"room ATULYAVIKASH, NEAR SUN RISES SCHOOL BHIKHANA,, KUNDA Deoghar, Deoghar, Jharkhand- 814143",,,,http://www.atulyavikash.in,,,,,,,,,,,,,,,,,,,,,,
9e942189-7982-31d4-9d73-176c6ccd0850,,,,,,,,"room Asha Mumbai Centre. Ground Floor, Powainook Bld,, Opp IIT main gate, Nearest station-kanjurmarg, Mumbai, Maharashtra- 400011",,,,http://www.avehiabacus.org,,,,,,,,,,,,,,,,,,,,,,
51b1a2ff-3e7d-3d72-9c0c-3245efc33af1,,,,,,,,"room C 278/1, Lane 11 Bhajanpura, New Delhi, Delhi- 110053",,,,,,,,,,,,,,,,,,,,,,,,,,
6330db1c-dd52-35ea-9a35-7196c58f6818,,,,,,,,"room DEY LODGE, 1ST FLOOR, BESIDE RAMKRISHNA NURSING HOME,, ASHRAMPARA, Darjiling, West Bengal- 734001",,,,,,,,,,,,,,,,,,,,,,,,,,
46df5178-3b34-3580-835b-c7e11e08530e,,,,,,,,"room 304/305 , 3rd Floor ,Koteshwar Plaza, JN Road, Mulund West, Mumbai, Maharashtra- 400080",,,,http://http://www.cedp-edu.com/,,,,,,,,,,,,,,,,,,,,,,
b241620d-b2ea-3eab-b323-9ffffe13e4ab,,,,,,,,"room E-57/B-217, Sunder Nagri, New Delhi, Delhi- 110093",,,,,,,,,,,,,,,,,,,,,,,,,,
3a8fa823-d79c-3fac-a342-4729e205e3aa,,,,,,,,"room Azad India Foundation ,Line Mohalla,, Krishnarajanagar, Bihar- 222483",,,,http://http://www.azadindia.org/,,,,,,,,,,,,,,,,,,,,,,
d4c144c8-48b5-3afa-a768-661b3d695fb5,,,,,,,,"room Alipore Street, Ichapur, Alipore Street, Kolkata, West Bengal- 743144",,,,,,,,,,,,,,,,,,,,,,,,,,
c074c01f-f7c9-3584-9038-74475bc257af,,,,,,,,"room F-1/418, Sundarnagri, New Delhi, Delhi- 110093",,,,,,,,,,,,,,,,,,,,,,,,,,
22ce3c91-0f4f-34bf-9a6b-989ab6164f11,,,,,,,,"room House No- 180, Street No-6, Faridabad, Haryana- 121002",,,,http://http://bsfoundation.co.in/,,,,,,,,,,,,,,,,,,,,,,
facab875-74ea-33bb-9de7-dc728971b58a,,,,,,,,"room I-156, 3rd floor Nehru Colony, Ring Road, Dehradun, Uttarakhand- 248001",,,,,,,,,,,,,,,,,,,,,,,,,,
958503ba-e74b-3655-92d4-dcb85d04de6b,,,,,,,,"room E-10, Green Park Main, New Delhi, Delhi- 110016",,,,http://www.buds.in,,,,,,,,,,,,,,,,,,,,,,
2d942b93-05c5-3d7a-abb1-2c893afb69e3,,,,,,,,"room Bharathamatha family welfare foundation 47,South Street,, Thiruchirapalli, Tamil Nadu- 614713",,,,http://http://www.ourbharathamatha.org/,,,,,,,,,,,,,,,,,,,,,,
695f6e72-877a-34b5-8bef-8179d3f5c05a,,,,,,,,"room 462, Second Floor, Indra Vihar, Mukharjee Nager,, New Delhi, Delhi- 110009",,,,http://http://www.bethesdace.webs.com,,,,,,,,,,,,,,,,,,,,,,
98f7d5b2-d407-341a-931b-16d0d7c2283e,,,,,,,,"room 39/1 Chandrashekar Nivasa, 2nd floor,Sannidhi Road, Basavanagudi, Bengaluru, Karnataka- 110064",,,,http://http://bctngo.org/,,,,,,,,,,,,,,,,,,,,,,
68a85227-9bd3-3e88-b084-44dc9d4f8c74,,,,,,,,"room 13/4, Cenotaph Road First Lane, Teynampet, Chennai, Tamil Nadu- 600108",,,,http://www.bhumi.org,,,,,,,,,,,,,,,,,,,,,,
d6323b42-35e9-3120-ab9c-656ec937bd9c,,,,,,,,"room P.O. Suri, Sonatore Para, 1st Floor, H.T. Market,, Birbhum, West Bengal- 731101",,,,http://www.bigus.org.in,,,,,,,,,,,,,,,,,,,,,,
6c94527c-a224-35b1-9e94-7eb1cbc4b194,,,,,,,,"room 21, Doon Vihar, Rajpur Road, Dehradun, Uttarakhand- 876345",,,,http://http://www.bindusociety.org,,,,,,,,,,,,,,,,,,,,,,
31511e01-0b9e-3a48-a169-5d22acd0a13e,,,,,,,,"room 77, Sekkilar St, Sivagami Puram, Sivagami Puram,, Viraganur, Tamil Nadu- 626001",,,,,,,,,,,,,,,,,,,,,,,,,,
6800ab00-9ca1-3f27-9c58-0b9429fd170d,,,,,,,,"room Blue Cross Avenue No: 72, Velacherry Road, Chennai, Tamil Nadu- 600032",,,,http://www.bluecrossofindia.org,,,,,,,,,,,,,,,,,,,,,,
79f5e078-1c6c-3be6-a8f8-cac2176237b5,,,,,,,,"room E-1A Kailash Colony, First Floor, First Floor, New Delhi, Delhi- 110048",,,,http://www.inbreakthrough.tv,,,,,,,,,,,,,,,,,,,,,,
1dfc8714-2864-3b5e-981e-341f52f93603,,,,,,,,"room C1/40 Rama Park, Near Metro Pillar no 771, New Delhi, Delhi- 110059",,,,http://http://www.bruufoundation.com/,,,,,,,,,,,,,,,,,,,,,,
f026c50b-3e64-3601-868f-c0f3c2c429c8,,,,,,,,"room At & P.O: Shahjahanpur Via: Nagarnousha, Patna, Bihar- 801305",,,,,,,,,,,,,,,,,,,,,,,,,,
a68ab501-a3b6-37ca-b89d-fe1a68ff5ab9,,,,,,,,"room Kanak Durga Basti, Vikas Kendra, Sector 12, R K Puram, New Delhi, Delhi- 110048",,,,http://www.cansupport.org,,,,,,,,,,,,,,,,,,,,,,
b686595b-c0fb-3a1f-8764-c6183c80f666,,,,,,,,"room Delhi- K- 20 UDYOG NAGAR, INDUSTRIAL AREA, PEERA GARHI, New Delhi, Delhi- 110041",,,,http://www.careconcern.org,,,,,,,,,,,,,,,,,,,,,,
0743c1ff-5f78-3461-acea-d3341425fdf7,,,,,,,,"room B-6, SECTOR J, ALIGANJ, aliganj Street, Lucknow, Uttar Pradesh- 226024",,,,http://www.caringsoulsfoundation.org,,,,,,,,,,,,,,,,,,,,,,
239ab4af-49d1-36a6-8f34-9d0c874bd370,,,,,,,,"room 41, 2nd Floor, Zamrudpur Community Centre, Kaliash Colony Extension, Kaliash Colony extension road, New Delhi, Delhi- 110048",,,,http://www.cibart.in,,,,,,,,,,,,,,,,,,,,,,
2aaab101-b5e1-352f-ad29-67e86c05f8e8,,,,,,,,"room CBCI Centre, Ashok Place , Opposite  Goledakkhana, New Delhi, Delhi- 110001",,,,,,,,,,,,,,,,,,,,,,,,,,
702aed97-3a14-32f1-a11c-912cad766aec,,,,,,,,"room 06, Waldorf Compound Mallital, Mallital, Nainital, Uttarakhand- 263001",,,,http://www.cheaindia.org,,,,,,,,,,,,,,,,,,,,,,
9ef9d856-8085-39b0-8ab8-0c1a7e2c7e77,,,,,,,,"room Mulla House, (4th Floor) 51, Flora Fountain, M.G. Road,, Mumbai, Maharashtra- 400001",,,,http://www.capindia.in,,,,,,,,,,,,,,,,,,,,,,
19569740-8609-3bb8-a72c-5c639a734a50,,,,,,,,"room H-2B First Floor, Kalkaji, New Delhi, Delhi- 110019",,,,http://http://www.cfar.org.in/,,,,,,,,,,,,,,,,,,,,,,
f3401279-65d7-38fb-8410-723daba6a5f7,,,,,,,,"room 89A/B-3, West Street,, Theni, Tamil Nadu- 625520",,,,http://www.cendect.org.in,,,,,,,,,,,,,,,,,,,,,,
0b9b4a20-b551-30fc-aa5b-41801fce3b57,,,,,,,,"room Medavakkam, 15D, BHEL Nagar,, First Street, Chennai, Tamil Nadu- 600010",,,,http://http://cfda.in/,,,,,,,,,,,,,,,,,,,,,,
7fd557d2-23bc-3dc6-a9e7-43fdf8cf54c9,,,,,,,,"room H/O Shivpujan Saahu, Main Road, Budha Colony, Patna, Bihar- 800001",,,,,,,,,,,,,,,,,,,,,,,,,,
bf0ed069-d62d-3080-90bd-bbd8efc685e7,,,,,,,,"room CENTRE FOR RURAL DEVELOPMENT OCHC,COMPLEX UNIT -3, JANPATH, Bhubaneswar, Odisha- 751001",,,,,,,,,,,,,,,,,,,,,,,,,,
4acecbe1-b315-308c-bd35-e692b3067ff4,,,,,,,,"room 429, Rajendra Arihant Tower, B-1Community, Janakpuri, New Delhi, Delhi- 110058",,,,http://http://www.cssar.org/,,,,,,,,,,,,,,,,,,,,,,
c07a70af-3739-39a5-9dd4-7c8566b4e2f4,,,,,,,,"room Flat No 4 Vasanttara, Above Udyam Vikas Sahakari Bank, Near Mahtma Phule Museum, Off Ghole Rd, Deccan Pune, Pune, Maharashtra- 411004",,,,http://www.cydaindia.org,,,,,,,,,,,,,,,,,,,,,,
a40c50c0-5730-3ea6-a3a5-ebd67465aca6,,,,,,,,"room Gola Road.Behind State Bank Of India, Patna, Bihar- 801503",,,,,,,,,,,,,,,,,,,,,,,,,,
46e3e861-f299-379e-82ef-c138e89839bf,,,,,,,,"room Village Nithari, Sultanpuri, North West Delhi, New Delhi, Delhi- 110086",,,,,,,,,,,,,,,,,,,,,,,,,,
eb3c27b9-17db-3e6b-b484-71bb6601f8af,,,,,,,,"room 784, 10thMain, II Block, B.S.K.I Stage,, Bengaluru, Karnataka- 560050",,,,http://www.chandanaartfoundation.in,,,,,,,,,,,,,,,,,,,,,,
46221b16-e1fd-30ff-ba6b-cdf8b963b49b,,,,,,,,"room CHARUTAR AROGYA MANDAL Gokal Nagar,, Anand, Gujarat- 388325",,,,,,,,,,,,,,,,,,,,,,,,,,
a2eb07cc-7229-3dc3-aade-ee8379d8b5b5,,,,,,,,"room Vill-Chakseherdi, Po-Baishnabnagar, Malda, West Bengal- 732210",,,,,,,,,,,,,,,,,,,,,,,,,,
5c1ea25f-5f42-3e1c-a2b6-91ec3c505b1c,,,,,,,,"room #9-10, BHAI VIR SINGH MARG, opposite St Colombus School, New Delhi, Delhi- 110001",,,,http://www.chetanalaya.org.in,,,,,,,,,,,,,,,,,,,,,,
44b12f51-53f7-3cec-bad6-cb8cbcc47190,,,,,,,,"room C-503 SOM VIHAR, RK PURAM, NEW DELHI, New Delhi, Delhi- 110022",,,,http://www.chikitsatrust.org,,,,,,,,,,,,,,,,,,,,,,
10077426-ec63-3024-b64d-41902714b232,,,,,,,,"room Multipurpose Community Cente, Village Kherakhurd, New Delhi, Delhi- 110082",,,,,,,,,,,,,,,,,,,,,,,,,,
0a793849-a8e5-3bbe-b78d-e631d0945a4f,,,,,,,,"room Block 20, Birla Mansion, Prarthana Samaj, Dr. D.D. Sathe Marg, Mumbai, Maharashtra- 400004",,,,http://www.childrentoyfoundation.org,,,,,,,,,,,,,,,,,,,,,,
94fbedfc-2874-39b4-bc01-86605f379af3,,,,,,,,"room Dwarka , Southwest , delhi, New Delhi, Delhi- 110075",,,,http://http://www.chotisikhushi.org,,,,,,,,,,,,,,,,,,,,,,
64553eb8-0104-3479-96c7-a3e633386f38,,,,,,,,"room Alipore Street, Ichapur, Alipore Street, Hooghly, West Bengal- 712416",,,,,,,,,,,,,,,,,,,,,,,,,,
1217b705-1cac-3e6f-81d3-68ab1c96d30b,,,,,,,,"room Bellahalli Road, off Hennur Road Kannur Post Baglur, Kannur Post Baglur, Bengaluru, Karnataka- 562169",,,,http://www.in.christelhouse.org,,,,,,,,,,,,,,,,,,,,,,
48832ee5-f30d-3dfc-87b3-011faeb2747d,,,,,,,,"room 11/A, 7th Cross, 17th Main, Koramangala 6th Block, Bengaluru, Karnataka- 560095",,,,,,,,,,,,,,,,,,,,,,,,,,
ae1bb685-e475-3819-a3d0-6dca5fa4fd56,,,,,,,,"room ED -130 RAJDANGA MAIN ROAD, Opposite SIEMENS STOP ON Ballygunge connector, E.M Bypass KOLKATA, Kolkata, West Bengal- 700107",,,,http://www.casngo.net,,,,,,,,,,,,,,,,,,,,,,
33d8e6da-ba63-375f-a332-b3dde4a24958,,,,,,,,"room 66, Tughlakabad, New Delhi, Delhi- 110066",,,,,,,,,,,,,,,,,,,,,,,,,,
eab4a28e-8bf3-3bcf-a325-35d6327ee9e3,,,,,,,,"room Community Development Society, Vikas Bhavan, Koradi Road,, Nagpur, Maharashtra- 440030",,,,http://www.cds.org,,,,,,,,,,,,,,,,,,,,,,
4242d1f2-6e48-3256-96a3-fea2cec44e1c,,,,,,,,"room azdacada, azsx, Dalhousie, Himachal Pradesh- 743144",,,,,,,,,,,,,,,,,,,,,,,,,,
caba0132-a548-3be0-a375-469c47389b58,,,,,,,,"room 21/519-7-3, Ashirvad Puram, Machilipatnam, Krishna, Andhra Pradesh- 521002",,,,,,,,,,,,,,,,,,,,,,,,,,
2b133267-4f4b-3aa8-b7a6-b3956b6d9da5,,,,,,,,"room H.No.7, G&1st Floor,, Lane No.3, Vijay Block, Laxmi Nagar, New Delhi, Delhi- 110092",,,,http://www.ccbos.org,,,,,,,,,,,,,,,,,,,,,,
7454f011-6497-334b-ba37-60cb4d5f557f,,,,,,,,"room Dastur Girls School,, Moledina Road, Camp, Pune, Maharashtra- 411001",,,,http://http://connectingngo.org/,,,,,,,,,,,,,,,,,,,,,,
8116abc4-4e2b-3812-b7dc-79e73943831a,,,,,,,,"room 63 Chowringhee Road, Kolkata, 63 Chowringhee Road, Kolkata, 24 Parganas (n), West Bengal- 743144",,,,http://www.banglanatak.com,,,,,,,,,,,,,,,,,,,,,,
fa541951-1362-3bcc-8ac1-6d00bb114d06,,,,,,,,"room E- 1, Ist Floor, MOR Land, DDA Market, New Rajendra Nagar, New Delhi, Delhi- 110060",,,,http://www.chroniccareindia.org,,,,,,,,,,,,,,,,,,,,,,
c10102c3-a458-3e0b-9c97-3b02e03022cc,,,,,,,,"room c/o Nangia and co, 1101,  11th floor, Tower-B,, Peninsula Business Park,, Ganpatrao Kadam Marg,, Mumbai, Maharashtra- 400013",,,,http://www.cuddlesfoundation.com,,,,,,,,,,,,,,,,,,,,,,
42711bb6-232a-3155-98f0-dfb074aeb9f2,,,,,,,,"room dadad, Alipore Street, Ahmadpur, West Bengal- 743144",,,,,,,,,,,,,,,,,,,,,,,,,,
8694f559-59ae-37b6-b2c5-520d22b12333,,,,,,,,"room Jangpura B, 7, Mathura Road, New Delhi, Delhi- 110014",,,,http://www.creaworld.org,,,,,,,,,,,,,,,,,,,,,,
8aa185be-de38-3d42-971c-8101e6e173d6,,,,,,,,"room E-4 , Hans Apartment Sant Nagar, New Delhi, Delhi- 110084",,,,,,,,,,,,,,,,,,,,,,,,,,
43f20f94-d796-3ba4-8a51-ff5aa380554d,,,,,,,,"room 10/1 Sangan Vihar, Burari, New Delhi, Delhi- 110084",,,,,,,,,,,,,,,,,,,,,,,,,,
aed33763-940f-3654-92d3-90214485cc04,,,,,,,,"room Delhi Bhartiya Grameen Mahila Sangh, B - 13, Greater Kailash- Part - I, Hans Raj Gupta Marg, New Delhi, Delhi- 110048",,,,,,,,,,,,,,,,,,,,,,,,,,
3484bf92-039c-373f-b6ef-b1cdcef873b4,,,,,,,,"room acacca, czcax, New Delhi, Delhi- 110043",,,,http://http://www.dccw.org,,,,,,,,,,,,,,,,,,,,,,
1fcc3fa8-d182-3233-8ab3-fe44c6241746,,,,,,,,"room LIG-156 2nd Road KPHB, Hyderabad, Telangana- 500072",,,,,,,,,,,,,,,,,,,,,,,,,,
0fdc8161-08bf-3335-aa8c-05bdb3173b2b,,,,,,,,"room At-Purusottampur P.O. Bhuban Dist., Main Road, Dhenkanal, Odisha- 759018",,,,,,,,,,,,,,,,,,,,,,,,,,
222e82e9-0588-323c-bc72-e1c7fbcd0688,,,,,,,,"room 26/451, Trilokpuri, New Delhi, Delhi- 110091",,,,,,,,,,,,,,,,,,,,,,,,,,
8d55d71c-aae5-33ad-a98f-3ea768d4887e,,,,,,,,"room 917, 9th B main Road,, Kalyan Nagar, 3rd C Cross, Bengaluru, Karnataka- 560043",,,,http://www.devfocus.in,,,,,,,,,,,,,,,,,,,,,,
e2d085de-3845-37cf-a8bd-f148d1681e90,,,,,,,,"room Marutinandan village, Near Government Tubewel, Bopal, Ahmedabad, Gujarat- 380058",,,,,,,,,,,,,,,,,,,,,,,,,,
bc2c6cfe-8c88-35d9-87b5-746d80e84782,,,,,,,,"room acac, bavava, New Delhi, Delhi- 110043",,,,,,,,,,,,,,,,,,,,,,,,,,
015abda5-33c5-3520-9e85-84d7d19ada05,,,,,,,,"room PLOT NO: 38, KRISHINAGAR, ICRISAT COLONY, PHASE- II, BOWENPALLY, Secunderabad, Telangana- 500051",,,,,,,,,,,,,,,,,,,,,,,,,,
628c7f22-84e2-3b43-b6e9-ff361f3a056a,,,,,,,,"room Dignity Foundation, B-206, 2nd Floor,, Byculla Service Industries Premises, Sussex Road, Byculla (E), Mumbai, Maharashtra- 400027",,,,http://www.dignityfoundation.org,,,,,,,,,,,,,,,,,,,,,,
52947bb9-0a33-3ce3-a0b7-7023f6a07981,,,,,,,,"room ccacca, zc, Amarpur, Bihar- 234765",,,,,,,,,,,,,,,,,,,,,,,,,,
f8ab2782-b467-391d-8c83-f38de87a3078,,,,,,,,"room 1/49 Lalita Park, Laxmi Nagar,, main vikas marg, New Delhi, Delhi- 110092",,,,http://www.dcvsngo.in,,,,,,,,,,,,,,,,,,,,,,
f677f096-6b93-3550-bad8-04a48f0358d3,,,,,,,,"room #112/147, Chikkatayappa Reddy Layout, Chelkere, Kalyan Nagar, Bengaluru, Karnataka- 560043",,,,http://www.divyafoundation-india.org,,,,,,,,,,,,,,,,,,,,,,
1e81a2b6-7c29-3ce8-b65c-6940fb960560,,,,,,,,"room L 5/340,Nilajouti Housing Society Gokhale Nagar, Pune, Maharashtra- 411016",,,,,,,,,,,,,,,,,,,,,,,,,,
2c2b7eae-9c10-376d-ab49-8bf56a471d3b,,,,,,,,"room acac, wasda road, Aligarh, Uttar Pradesh- 110043",,,,http://http://www.zhfaligarh.org,,,,,,,,,,,,,,,,,,,,,,
617f1d89-7557-38c0-b294-c63413d2824e,,,,,,,,"room 252/2, Shahpur Jat,, New Delhi, Delhi- 110049",,,,,,,,,,,,,,,,,,,,,,,,,,
ac91b5e9-b6d2-32d7-97eb-dd330f79bc0a,,,,,,,,"room adassd, Aagalgaon Road, Darnakal, Andhra Pradesh- 543123",,,,http://http://www.drreddysfoundation.org,,,,,,,,,,,,,,,,,,,,,,
661c2f13-9e0c-3e41-b7c1-ee37afcc789f,,,,,,,,"room cxza, cxzas, Waris Aliganj, Bihar- 441207",,,,,,,,,,,,,,,,,,,,,,,,,,
18821b34-4820-3fe6-adec-3ac616a6cdef,,,,,,,,"room C/o, 5/3A, Satnam Society, Sion West, Mumbai, Maharashtra- 400022",,,,http://www.drishtionline.org,,,,,,,,,,,,,,,,,,,,,,
8381060d-b7f7-32ee-9815-9616c213939c,,,,,,,,"room 216, GH-4, Meera Apartments,, Paschim Vihar,, New Delhi, Delhi- 110043",,,,http://www.edwellsociety.in,,,,,,,,,,,,,,,,,,,,,,
6dd9af24-8a61-3232-8e02-fd693a1cb830,,,,,,,,"room Alipore Street, Ichapur, Alipore Street, 24 Parganas (n), West Bengal- 743144",,,,http://www.ekjut.org,,,,,,,,,,,,,,,,,,,,,,
6c654920-caad-3fef-bc2c-10979536920f,,,,,,,,"room A-4 Abulfazal enclave, 5, Dreams Apartment, Jamia nagar, New Delhi, Delhi- 110025",,,,http://www.empowerpeople.org.in,,,,,,,,,,,,,,,,,,,,,,
19eb5033-18d0-3a26-9b2b-1b3a1437c389,,,,,,,,"room No.16/19 Jayalakshmipuram 1st, Street,Nungambakkam,, Chennai, Tamil Nadu- 600034",,,,,,,,,,,,,,,,,,,,,,,,,,
b92c5ea9-e6cf-3743-a43c-d34162eebd13,,,,,,,,"room 473/B Adugudi Main Road,, Koramangala 8th Block,, Main Road, Bengaluru, Karnataka- 560095",,,,http://www.enable-india.org,,,,,,,,,,,,,,,,,,,,,,
c44ee6c2-823e-383d-9e4f-c007867b507c,,,,,,,,"room First Floor C-72, East of Kailash, New Delhi, Delhi- 110065",,,,http://www.empoweringvision.org,,,,,,,,,,,,,,,,,,,,,,
b0719bcb-56dc-3eb2-b232-b9a40b3b30e7,,,,,,,,"room DDA 3456, hamilton road, New Delhi, Delhi- 110048",,,,http://http://www.endpovertyindia.org,,,,,,,,,,,,,,,,,,,,,,
54d6310b-3b41-3715-8e78-041b0b65b00b,,,,,,,,"room Opposite MCD Boys Pripamary School, New Delhi, Delhi- 110048",,,,http://http://www.esroindia.in/,,,,,,,,,,,,,,,,,,,,,,
8b475720-a230-3cf6-82f6-32ace4167a98,,,,,,,,"room aaaaaa, xzass, Kanchipuram, Tamil Nadu- 625104",,,,http://www.indiaenvironment.org,,,,,,,,,,,,,,,,,,,,,,
6a87f972-2b2c-352d-98ba-80c94f24af98,,,,,,,,"room B-14, 3rd Floor, Wing B-2, Shardaram Park, Opp. Ruby Hall Clinic, Next to Hotel Courtyard Marriott,, Sasoon Road, Pune, Maharashtra- 411001",,,,http://www.ecf.org.in,,,,,,,,,,,,,,,,,,,,,,
ce07ef86-901d-3a53-b0ec-4875eb0138f4,,,,,,,,"room 2222222222, 222222222222, 22222222222222, Areraj, Bihar- 222222",,,,http://fitpass.co.in,,,,,,,,,,,,,,,,,,,,,,
a588cf49-0eda-3139-89ca-1fdaa5d6b8bb,,,,,,,,"room Foundation For Excellence  No. 840, ""MHT House"", 1st Floor, Indiranagar 1st Stage, 5th Main,, Bengaluru, Karnataka- 560038",,,,http://www.ffe.org,,,,,,,,,,,,,,,,,,,,,,
0ab00cd0-845a-318f-a031-52a8872cde71,,,,,,,,"room 840, MHT House, 1st Floor, 5th Main, Indiranagar 1st Stage, Bengaluru, Karnataka- 560038",,,,,,,,,,,,,,,,,,,,,,,,,,
dd445ee0-a7be-38e3-b327-5cebfc6dc8ac,,,,,,,,"room E 4 ANDREWSGANJ EXTENSION, Andrews Ganj, New Delhi, Delhi- 110048",,,,http://http://www.formedia.org.in,,,,,,,,,,,,,,,,,,,,,,
b8815abf-45d0-3134-81d2-2ec86e598107,,,,,,,,"room grstd, Saat Rasta, New Delhi, Delhi- 110048",,,,http://http://udaan.org/,,,,,,,,,,,,,,,,,,,,,,
c99c208a-b6d9-3556-8df2-c03964a521c1,,,,,,,,"room 1qws, 1qaszx, Alwar, Rajasthan- 543215",,,,,,,,,,,,,,,,,,,,,,,,,,
8fa2f4ff-7644-3382-97cb-cbeb91b19356,,,,,,,,"room Param Mitra Sadan, 182 Kanke Road Burdwan compound, Ranchi, Jharkhand- 834008",,,,http://www.fracarita-international.org,,,,,,,,,,,,,,,,,,,,,,
71744ac4-499b-3327-b7e7-d8258485c8a1,,,,,,,,"room Subalpur Colony, Satasankha,, Puri, Odisha- 752046",,,,,,,,,,,,,,,,,,,,,,,,,,
f1253fbd-c6ad-33ff-8736-ed2bf82e29a3,,,,,,,,"room Gali no 1, Radha Vihar mukundpur extension, New Delhi, Delhi- 110045",,,,,,,,,,,,,,,,,,,,,,,,,,
2f1e9805-4099-31f3-952d-1f9ed4de33dd,,,,,,,,"room J-235/A, Lane W-15/C, Sainik Farms, New Delhi, Delhi- 110062",,,,http://www.genecampaign.org/,,,,,,,,,,,,,,,,,,,,,,
d578beeb-29e3-3371-bb86-f82ac49a0030,,,,,,,,"room adassd, adsd, New Delhi, Delhi- 110048",,,,http://http://www.glraindia.org,,,,,,,,,,,,,,,,,,,,,,
4f7a28a1-e3a8-3c7c-9fcb-9160b0386cc2,,,,,,,,"room FUEL (Friends Union For Energising Lives)Shop no 59,F, Amrut Ganga Society, ,Singhgad Road, Pune, Maharashtra- 411051",,,,http://www.studentsfuel.org,,,,,,,,,,,,,,,,,,,,,,
d6b10b6c-d57e-36a6-8ed9-e3ed6eb9fc12,,,,,,,,"room : D 12-A, Kailash Colony, Greater Kailash, New Delhi, Delhi- 110048",,,,,,,,,,,,,,,,,,,,,,,,,,
059583bc-448f-3d7b-927a-2b20899193dd,,,,,,,,"room sadad, mall road, Shimla, Himachal Pradesh- 543123",,,,,,,,,,,,,,,,,,,,,,,,,,
85b85a70-1855-31ee-bae3-5599d97ac4d4,,,,,,,,"room Dno: 27-1-29/4 Ameenapeta, Eluru, West Godavari Dist., Andhra Pradesh- 534006",,,,http://www.goodlamp.org,,,,,,,,,,,,,,,,,,,,,,
2c120e86-031a-3ab5-9b66-5acfc058efce,,,,,,,,"room Plot No:25, 14-11/7, Narmadha Nadhi, 4th street, Mahatma Gandhi Nagar, Madurai, Tamil Nadu- 625001",,,,,,,,,,,,,,,,,,,,,,,,,,
162235c8-8af0-3f51-b39a-caa72e29cc8b,,,,,,,,"room cacacc, nzczdz, Tiruchchendur, Tamil Nadu- 620001",,,,,,,,,,,,,,,,,,,,,,,,,,
b7d3fb86-f87b-3864-aae3-ef806907e100,,,,,,,,"room Plot no 2-3, 1st Floor, Rattan Dal Mill Complex, Mitraon Village110043, vvc, New Delhi, Delhi- 110043",,,,http://www.grameenshikshango.org,,,,,,,,,,,,,,,,,,,,,,
a08702de-45c9-3a50-9d2f-d7737816e648,,,,,,,,"room Thakur Vaidya Building, 221 Dendayal upadhya  Marg, New Delhi, Delhi- 110124",,,,,,,,,,,,,,,,,,,,,,,,,,
7ada55cb-7d74-30dc-a9f3-85effaadffef,,,,,,,,"room Near Old Police Station, Ward No.3 Parbatsar, Nagaur, Rajasthan- 341512",,,,,,,,,,,,,,,,,,,,,,,,,,
e32dd993-bd80-3c77-a1bb-3198364f483a,,,,,,,,"room asccx, sazza, New Delhi, Delhi- 110092",,,,,,,,,,,,,,,,,,,,,,,,,,
5b7dc2d7-eec2-33c6-b875-d880c53637c9,,,,,,,,"room B-59 A-301, Everest Chambers Marol Naka, Andheri Kurla Rd,  Andheri(E), New Delhi, Delhi- 400059",,,,,,,,,,,,,,,,,,,,,,,,,,
17877696-0870-3755-9d9a-9f7a6d7eaca4,,,,,,,,"room Health Care Global Enterprise Ltd. NO 8 HCG Towers, Sampangi Ram Nagar, 8 P.Kalinga Rao Road,, Bengaluru, Karnataka- 560027",,,,http://www.hcgfoundation.org,,,,,,,,,,,,,,,,,,,,,,
a2c3e43a-cee0-3eac-9091-4cab6eae24b0,,,,,,,,"room 12-13-479, Street No - 1, Tarnaka, Secunderabad, Telangana- 500017",,,,http://www.greenlifeglobal.org,,,,,,,,,,,,,,,,,,,,,,
dd4396c9-7b80-3144-9ac5-48d26956e285,,,,,,,,"room 269, 11th Street, Chennai, Tamil Nadu- 600080",,,,http://http://www.helios-foundation.org/,,,,,,,,,,,,,,,,,,,,,,
48be5df9-2811-3207-888f-af511a7a83bb,,,,,,,,"room 1qws, 1dqe, New Delhi, Delhi- 110048",,,,http://http://www.helpa2zeducationsolutions.com,,,,,,,,,,,,,,,,,,,,,,
b905e2b4-f98c-3856-912c-82155a6d4b3c,,,,,,,,"room D-10, Neb Valley Neb Sarai, Mehrauli, New Delhi, Delhi- 110068",,,,http://www.helpruralindia.org,,,,,,,,,,,,,,,,,,,,,,
0dd4e598-b360-3707-a6a2-313b85dd375c,,,,,,,,"room adassd, sadeft, New Delhi, Delhi- 110048",,,,,,,,,,,,,,,,,,,,,,,,,,
ea563767-4de1-393e-bcd8-538944ff2a5d,,,,,,,,"room H.NO.8-2-3, OLD KHARMANGHAT VILLAGE, KHARMANGHAT, Hyderabad, Telangana- 500079",,,,,,,,,,,,,,,,,,,,,,,,,,
3551a919-bff2-3676-8142-0089ba81a1c4,,,,,,,,"room At-Pension Lane Near OBC Bank Buxi Bazar, Pension Lane, Cuttack, Odisha- 753001",,,,,,,,,,,,,,,,,,,,,,,,,,
8e732189-c093-3ba6-8799-dd21d7ba228c,,,,,,,,"room Lakshmi kanta pur 24pgs(s), Himchi, 24 Parganas (s), West Bengal- 743399",,,,,,,,,,,,,,,,,,,,,,,,,,
bda159e3-510d-3b15-9545-8527151e2424,,,,,,,,"room 22 C, Scott Nagar Near Scott Christian College, Nagercoil, Kanyakumari, Tamil Nadu- 629003",,,,http://www.healmovements.org,,,,,,,,,,,,,,,,,,,,,,
e9573f2c-dcb6-3a3c-89fe-4569f6753629,,,,,,,,"room cadada, acaza, Bhopal, Madhya Pradesh- 480001",,,,,,,,,,,,,,,,,,,,,,,,,,
b253ab4f-b319-3448-a82d-c2decb996dec,,,,,,,,"room No.438, 1st Floor, 8th Main, Vijaynagar, Bengaluru, Karnataka- 560040",,,,,,,,,,,,,,,,,,,,,,,,,,
cf71e849-727d-3e4b-a1c5-f38b930851e7,,,,,,,,"room Brahmanpara, Ichapur, Alipore Street, 24 Parganas (n), West Bengal- 743144",,,,,,,,,,,,,,,,,,,,,,,,,,
011d6b27-8580-3e7d-8035-7227065b531b,,,,,,,,"room Apurva' Ground Floor, No 259,, Raj Mahal Vilas IInd Stage, 4th Cross,, Bengaluru, Karnataka- 560094",,,,http://www.indiaifa.org,,,,,,,,,,,,,,,,,,,,,,
706717e9-14ff-34f4-a393-75358627f3e5,,,,,,,,"room Impact India Foundation Nhava House, 65,Maharshi Karve Road, Maharshi Karve Road, Mumbai, Maharashtra- 400002",,,,http://www.impactindia.org,,,,,,,,,,,,,,,,,,,,,,
e5f6bc30-4abd-3607-bf54-972ed79a1fbf,,,,,,,,"room cxzd, vcxd, Madurai, Tamil Nadu- 625104",,,,,,,,,,,,,,,,,,,,,,,,,,
cd2368af-9e82-37ff-b377-c9dcbf1911bb,,,,,,,,"room Sita Sadan, Ram Nagar, Ram Nagar, Nawada, Bihar- 805110",,,,,,,,,,,,,,,,,,,,,,,,,,
e6ae5682-4fe6-3a36-b8fe-12dd5d322b8f,,,,,,,,"room MOHAN SUBERBIA, 401, E-WING OXFORD., PHASE -1, NAVRE PARK, AMBERNATH- WEST, Thane, Maharashtra- 421505",,,,,,,,,,,,,,,,,,,,,,,,,,
f6ec960a-b748-3fb5-a422-015aa772cef6,,,,,,,,"room resedr, ramprakashk  street, New Delhi, Delhi- 110043",,,,http://http://www.medwasteind.org,,,,,,,,,,,,,,,,,,,,,,
f177ee1b-8484-3443-9c38-f07882fdab73,,,,,,,,"room Ikon Management School infront of Anugrah College, Gaya, Bihar- 823001",,,,,,,,,,,,,,,,,,,,,,,,,,
f6c16702-471c-3419-b3ff-c557511baabf,,,,,,,,"room 28, Institutional Area,, Lodhi Road, New Delhi, Delhi- 110003",,,,http://www.igsss.org,,,,,,,,,,,,,,,,,,,,,,
4024fe15-cdf7-3f55-9507-4858501c0af7,,,,,,,,"room ccacca, xazas, Itanagar, Arunachal Pradesh- 791113",,,,,,,,,,,,,,,,,,,,,,,,,,
1b3de2cc-b294-3fd8-b120-f84885a9c6c7,,,,,,,,"room bcss, xsz, New Delhi, Delhi- 110007",,,,http://http://www.irade.org,,,,,,,,,,,,,,,,,,,,,,
b98628cc-c04a-39d2-bb01-ec6abdb16662,,,,,,,,"room adassd, asa, New Delhi, Delhi- 110048",,,,,,,,,,,,,,,,,,,,,,,,,,
a2579f30-db76-3005-b085-fddcc70a31df,,,,,,,,"room Sudhakar Rajaram Marathe, FP 588/ A Parwati, Sinhgad Road, Pune, Maharashtra- 411030",,,,,,,,,,,,,,,,,,,,,,,,,,
506c0492-982c-31cd-a373-94314bec5d2a,,,,,,,,"room bcsdd, bcvx, Coimbatore, Tamil Nadu- 152464",,,,,,,,,,,,,,,,,,,,,,,,,,
14ae2702-4381-3101-a203-152fb1e794ba,,,,,,,,"room 4/203, First Floor Kaushalya Park,, Hauz Khas, New Delhi, Delhi- 110016",,,,http://www.ipartnerindia.org,,,,,,,,,,,,,,,,,,,,,,
de93379d-f031-3e71-abee-73fe7bb1585e,,,,,,,,"room E-3A Sector 26, Gautam Buddha Nagar, Noida, Uttar Pradesh- 201301",,,,,,,,,,,,,,,,,,,,,,,,,,
cd72e36a-8aa5-3b63-be24-edb85e2e1307,,,,,,,,"room BHUBAN (Word.No.04, acastr, Dhenkanal, Odisha- 759017",,,,http://www.jagabandhujarashram.org,,,,,,,,,,,,,,,,,,,,,,
d5e78b3d-c31a-39be-867a-4268abe8d10b,,,,,,,,"room SUN ATHAR,, BHATAKUMARADA, Ganjam, Odisha- 761003",,,,,,,,,,,,,,,,,,,,,,,,,,
4e0f4bb8-9234-3b0c-93a5-0c4cc38eeb87,,,,,,,,"room G-250 Mansarovar Industrial Area, Industrial Area, Jaipur, Rajasthan- 302020",,,,http://www.jaipurrugs.org,,,,,,,,,,,,,,,,,,,,,,
6ec34414-8064-36eb-9268-1c02333def19,,,,,,,,"room 18A MIG Flats, Triveni, Phase – I, Sheikh Sarai, New Delhi, Delhi- 110017",,,,http://http://www.jamghat.in,,,,,,,,,,,,,,,,,,,,,,
90e4bf34-61de-3117-a990-993ea6b174f5,,,,,,,,"room grstd, ddasa, Rajkot, Gujarat- 543123",,,,,,,,,,,,,,,,,,,,,,,,,,
45055e44-90bc-33e3-a831-470c5be4fe50,,,,,,,,"room 1233, aqsw, Amarpur, Bihar- 380007",,,,,,,,,,,,,,,,,,,,,,,,,,
8ec49270-3888-3dae-9234-b634ddd2874d,,,,,,,,"room Kutiyawa, Post-bewana, Tahseel-Akbarpur, Kutiyawa, Adari, Uttar Pradesh- 224122",,,,,,,,,,,,,,,,,,,,,,,,,,
79d5a0b1-41d8-3f6e-bf95-e5d97f73d88e,,,,,,,,"room asde, gsdr, Malkangiri, Odisha- 764004",,,,,,,,,,,,,,,,,,,,,,,,,,
f2f96376-afd5-3055-9332-e2441d80151f,,,,,,,,"room 116 Veer Savarkar Block, C/o Handicapped Welfare Federation, New Delhi, Delhi- 110092",,,,,,,,,,,,,,,,,,,,,,,,,,
24205a0f-8ba6-3e33-8481-22b35f30d69e,,,,,,,,"room asde, axz, Ahmedabad, Gujarat- 543123",,,,http://www.janpathnetwork.org,,,,,,,,,,,,,,,,,,,,,,
04a7f722-7af2-38c2-a9a0-245f413a92ca,,,,,,,,"room assa, sasassa, New Delhi, Delhi- 110048",,,,http://http://www.jjes.in,,,,,,,,,,,,,,,,,,,,,,
ee04af2e-c552-3d61-8230-1ef3c9604a3f,,,,,,,,"room nbct, cavat, Coimbatore, Tamil Nadu- 481116",,,,,,,,,,,,,,,,,,,,,,,,,,
ec36bd17-d85c-3076-abd2-b33a6a5f9910,,,,,,,,"room A-27,Flat no-103, Rajaveer Apartment,, Subash Nagar,, Jaipur, Rajasthan- 302016",,,,,,,,,,,,,,,,,,,,,,,,,,
5bae2024-617d-3c98-adec-2ba2c4f17fe1,,,,,,,,"room qwee, asa, Adyar, Tamil Nadu- 765567",,,,,,,,,,,,,,,,,,,,,,,,,,
f50d0f45-9755-3029-8b5c-cb2bfea51980,,,,,,,,"room E-39  Vikas Marg, New Delhi, Delhi- 110092",,,,,,,,,,,,,,,,,,,,,,,,,,
831886f5-671f-37d1-9680-82613ed96633,,,,,,,,"room AT PO PANDHARKAWADA MANGALMURTI LAYOUT NEAR, NATUROPATHY HOSPITAL TA KELAPUR, Yavatmal, Maharashtra- 445302",,,,,,,,,,,,,,,,,,,,,,,,,,
01cc8848-a29d-3054-872c-9895e83fb18b,,,,,,,,"room Jeevan Chakra Foundation B1-233 Ground Floor, New Delhi, Delhi- 110053",,,,http://www.jeevanchakrango.org,,,,,,,,,,,,,,,,,,,,,,
783fb319-8a05-3885-81e6-0776880b7f19,,,,,,,,"room Apt. 201, Block 44, Heritage City Complex, MG Road, Gurgaon, Haryana- 122002",,,,http://www.jwpindia.org,,,,,,,,,,,,,,,,,,,,,,
8782fb5f-4d55-390e-9bd5-49296119af96,,,,,,,,"room cacac, cvacac, Mumbai, Maharashtra- 400011",,,,http://http://www.jaindia.org,,,,,,,,,,,,,,,,,,,,,,
3dc7f18e-9455-3a2b-9c0c-22e5a6e0f6b7,,,,,,,,"room asde, acastr, New Delhi, Delhi- 110048",,,,,,,,,,,,,,,,,,,,,,,,,,
4e462b1d-8f9d-30c6-bb6c-73c13c395cee,,,,,,,,"room Cecil Court, 3rd Floor, Near Regal Cinema,, Mahakavi Bhushan Marg, Colaba, Mumbai, Maharashtra- 400001",,,,http://www.nanhikali.org,,,,,,,,,,,,,,,,,,,,,,
ac0e92c5-1923-3c52-a089-2208592c5824,,,,,,,,"room Alipore Street, Ichapur, Alipore Street, Adra, West Bengal- 743144",,,,,,,,,,,,,,,,,,,,,,,,,,
9e514a93-8969-3f29-8b75-041831e61f24,,,,,,,,"room cxz, mnb, Ahwa, Gujarat- 389007",,,,,,,,,,,,,,,,,,,,,,,,,,
a5c9dbbb-0f97-37dc-82e8-b038dd01609f,,,,,,,,"room B1 266, Yamuna Vihar, New Delhi, Delhi- 110053",,,,,,,,,,,,,,,,,,,,,,,,,,
bf37c164-aa29-3692-9f10-e74d41acc1a7,,,,,,,,"room GB-4,Virwani Industrial Estate,, Off western express highway Goregoan East, Mumbai, Maharashtra- 400063",,,,http://www.ketto.org,,,,,,,,,,,,,,,,,,,,,,
05ab71d8-441f-3959-a8f4-2e968211ccac,,,,,,,,"room adds, xzass, New Delhi, Delhi- 110043",,,,http://http://www.karamsociety.in,,,,,,,,,,,,,,,,,,,,,,
af5250fa-3a63-371e-bf38-dbe311ed5f10,,,,,,,,"room P-27, CIT Scheme, No LXXII, Block-B, Gariahat Road (South, Kolkata, West Bengal- 700029",,,,http://www.kolkatasanved.org,,,,,,,,,,,,,,,,,,,,,,
2fa27fa3-a60d-3a85-b18d-41f599ce6ece,,,,,,,,"room Krishi Gram Vikas Kendra, A Social Enterprise for Inclusive Growth  Neori Vikas, Rukka,, Ormanjhi Block, Ranchi, Jharkhand- 835217",,,,,,,,,,,,,,,,,,,,,,,,,,
84cf205a-8b3f-3498-bde6-86ea7b3e58ab,,,,,,,,"room 392, Flat Number UG 1, Vaishali Sector 4, New Delhi, Delhi- 201010",,,,,,,,,,,,,,,,,,,,,,,,,,
33006dec-25e9-3fcd-884a-91a39320f9af,,,,,,,,"room 1689, Santanir, Arabinda Pally, P.O. - Barasat,, Kolkata, Alipore Street, 24 Parganas (n), West Bengal- 700124",,,,http://http://www.kdsmfi.org,,,,,,,,,,,,,,,,,,,,,,
99c51138-71bc-3335-af20-c66cf4e19a7d,,,,,,,,"room Flat No. 12, Plot No.46-B, C/o Santosh Co-op Hsg Society, Sindhi Society, Chembur, Mumbai, Maharashtra- 400071",,,,,,,,,,,,,,,,,,,,,,,,,,
e66dfc86-16b4-3885-acfd-08de97b103f5,,,,,,,,"room 304 Delhi Chambers  3453, New Delhi, Delhi- 110065",,,,,,,,,,,,,,,,,,,,,,,,,,
69dd6caf-ea7e-3c5f-873f-27a1189cd1ff,,,,,,,,"room Alipore Street, Ichapur, Alipore Street, Adra, West Bengal- 743144",,,,,,,,,,,,,,,,,,,,,,,,,,
67a6b5cc-0a39-3a13-a59d-6a38fe4f7a5e,,,,,,,,"room adde, adsz, Baddi, Himachal Pradesh- 175123",,,,,,,,,,,,,,,,,,,,,,,,,,
624b3878-c59a-35ed-95e6-25a0419c20af,,,,,,,,"room J Basti, Camp B- 5 & 6 Gate No. 2,, Near Jal Board, Vasant Kunj,, New Delhi, Delhi- 110070",,,,http://http://www.lakshyam.co.in/,,,,,,,,,,,,,,,,,,,,,,
9a913a7c-bd87-345c-a7e5-569aacbb592b,,,,,,,,"room 220 Gandhinagar, Nagpur, Maharashtra- 440010",,,,,,,,,,,,,,,,,,,,,,,,,,
28bbab13-5802-30cb-a7dc-ee9fd4b90365,,,,,,,,"room 14, Plot-66, Garden-View Apt, Sec-19, Airoli, Thane, Maharashtra- 400078",,,,http://www.lead-foundation.org,,,,,,,,,,,,,,,,,,,,,,
363370d5-addf-3a60-80da-caf7c47100f4,,,,,,,,"room cacac, cavavav, Chandigarh, Chandigarh- 160001",,,,,,,,,,,,,,,,,,,,,,,,,,
67a3db31-1f22-3999-8634-0ea129beb332,,,,,,,,"room A - 64 Ishaan -III, Prahlad Nagar, Off 100 feet Road, Ahmedabad, Gujarat- 380051",,,,http://www.lifeskill.org.in,,,,,,,,,,,,,,,,,,,,,,
65b27215-4b42-391e-b182-0c62d13873e9,,,,,,,,"room 80/1/2,, Kankulia Road,, Kolkata, West Bengal- 700029",,,,http://www.indianlifesaving.org,,,,,,,,,,,,,,,,,,,,,,
53c6e0b4-136a-3d10-9c12-80d49dac4aab,,,,,,,,"room BB-1, Neelam Center, Worli, S K Ahire Marg, Mumbai, Maharashtra- 400025",,,,http://www.lifetrustindia.org,,,,,,,,,,,,,,,,,,,,,,
c39b9f8e-1476-3d9f-8bde-f1ee670cf9d6,,,,,,,,"room Trichy - Thogamalai Road Singalapuram, Tirunelveli, Tamil Nadu- 639103",,,,,,,,,,,,,,,,,,,,,,,,,,
ff867d9d-8167-3cff-8917-f0ef502de8dd,,,,,,,,"room 125/10/1 Chander Village Road, Chander Village Road, Kolkata, West Bengal- 700082",,,,http://www.lilyfoundation.org,,,,,,,,,,,,,,,,,,,,,,
18378903-cc9a-3a6e-9dda-7e5cfe9f76bd,,,,,,,,"room Village Nimpith, Post Nimpith Ashram, 24 Parganas (s), West Bengal- 743338",,,,,,,,,,,,,,,,,,,,,,,,,,
e9e1aaf8-fec1-3cef-85ab-0f3c16c26edd,,,,,,,,"room Pankaj Building New Bazar, Theog, Shimla, Himachal Pradesh- 171201",,,,http://www.ikmtheog.org,,,,,,,,,,,,,,,,,,,,,,
e375fe60-695b-3a22-a77b-05f78824d22c,,,,,,,,"room 16/383 Trilok Puri, New Delhi, Delhi- 110091",,,,http://www.lordbuddhatrust.org,,,,,,,,,,,,,,,,,,,,,,
bdd82e65-eabf-31ed-ba8d-faa1492fa137,,,,,,,,"room 1191, CHHATA MADAN GOPAL, Chandni Chowk, New Delhi, Delhi- 110006",,,,,,,,,,,,,,,,,,,,,,,,,,
3993e09a-38a0-3405-8bd0-ea0f0d63008a,,,,,,,,"room asde, vaxadr, Ahmedabad, Gujarat- 543123",,,,http://www.manavsadhana.org,,,,,,,,,,,,,,,,,,,,,,
ae94d5c8-9c2e-30b1-b1a2-e4c58e104ba9,,,,,,,,"room N 3/202, IRC Village, Nayapalli, Khurda, Bhubaneswar, Odisha- 751015",,,,,,,,,,,,,,,,,,,,,,,,,,
afe1debc-7c00-3522-a274-e39f760d6e3d,,,,,,,,"room Post: Room 5, II Floor,, A Wing, Todi Estate, Sunmills Compound,, Lower Parel,, Mumbai, Maharashtra- 400013",,,,http://www.magicbus.org,,,,,,,,,,,,,,,,,,,,,,
3a9e0c52-b225-3077-beaa-2222daeb77e3,,,,,,,,"room M G Road, Sahara Mall, adsd, Gurgaon, Haryana- 120007",,,,,,,,,,,,,,,,,,,,,,,,,,
d4ff59a6-60bb-306f-a0f6-bdd425f6c590,,,,,,,,"room Mahatma Gandhi Tribal Hospital, Karmagram Utavali, Dharni Amravati, Amravati, Maharashtra- 444702",,,,http://www.mahantrust.org,,,,,,,,,,,,,,,,,,,,,,
93da71a7-9f9c-3d35-8abb-460d4e20de25,,,,,,,,"room S-1/ 77, OLD MAHAVIR NAGAR, POST OFFICE TILAK NAGAR, New Delhi, Delhi- 110018",,,,,,,,,,,,,,,,,,,,,,,,,,
43502beb-0ff9-33c7-9bee-87502334885f,,,,,,,,"room 11111, Alipore Street, 24 Parganas (s), West Bengal- 743144",,,,,,,,,,,,,,,,,,,,,,,,,,
14da1dcb-c5e4-3220-8f60-fc1945c1d722,,,,,,,,"room J-1365, Palam Vihar,, Gurgaon, Haryana- 122017",,,,http://www.literacy.org,,,,,,,,,,,,,,,,,,,,,,
be5b3ef7-a446-3c97-980c-b0372a4a09ed,,,,,,,,"room 4A/2, Golden Valley, Kalina Kurla Road, Mumbai, Maharashtra- 400098",,,,http://www.majlislaw.com,,,,,,,,,,,,,,,,,,,,,,
83fc9105-9e46-35fb-9514-43421ac23fd9,,,,,,,,"room caassa, zxds, Acharipallam, Tamil Nadu- 481116",,,,,,,,,,,,,,,,,,,,,,,,,,
7a020eb5-98d9-3bad-b749-6ef3c8b41285,,,,,,,,"room 28/2060D,Nedumala House,Harmony Enclave, Chilavannoor Road Kochi, Ernakulam, Kerala- 400011",,,,http://www.makeadifference.com,,,,,,,,,,,,,,,,,,,,,,
1c703e7f-5895-33bd-b8d1-5f09aef5bb42,,,,,,,,"room MAHER Vadhu Budruk, Koregaon Bhima, Shirur, Pune, Maharashtra- 411016",,,,http://www.maherashram.org,,,,,,,,,,,,,,,,,,,,,,
2398f412-a0a3-3b74-bbd9-ad501994f1e6,,,,,,,,"room earast, cvbbnn, New Delhi, Delhi- 112001",,,,,,,,,,,,,,,,,,,,,,,,,,
6fb019a0-ef79-3077-a257-2028ee9a92c1,,,,,,,,"room mamta charitable trust 279,, d.c.c, bda , cs-pur, Bhubaneswar, Odisha- 751016",,,,,,,,,,,,,,,,,,,,,,,,,,
b88f748f-279a-34aa-ad5b-298a72a34dc9,,,,,,,,"room azdacada, avdazasa, Ahmedabad, Gujarat- 543765",,,,,,,,,,,,,,,,,,,,,,,,,,
1edb1b44-126d-39ba-b72c-d4c03044d9cf,,,,,,,,"room 210 , Jain Mandr Shejari, Tal. Man, Satara, Maharashtra- 415509",,,,,,,,,,,,,,,,,,,,,,,,,,
e18aa0bd-92cc-315b-bfbb-1c098d98706f,,,,,,,,"room Alipore Street, Ichapur, Alipore Street, Baj Baj, West Bengal- 743144",,,,http://www.mtbmindia.com,,,,,,,,,,,,,,,,,,,,,,
d5956fc0-e9aa-3361-8a6d-f3ab5d65034c,,,,,,,,"room 38, Santhaipettai Street Srivilliputtur, Virudhunagar, Tamil Nadu- 626125",,,,,,,,,,,,,,,,,,,,,,,,,,
402c499b-79b2-3116-9c62-dc16086bbd34,,,,,,,,"room plot654 amravaticomplex, Aagalgaon Road, Aurangabad, Maharashtra- 431001",,,,http://www.mgvs.org,,,,,,,,,,,,,,,,,,,,,,
7db7f843-c46b-31a0-a5ea-e443f828370c,,,,,,,,"room D-58, Gazipur Village, Main Road, New Delhi, Delhi- 110092",,,,http://www.marsfoundation.co.in,,,,,,,,,,,,,,,,,,,,,,
fe8cd063-b440-349a-ac93-fc69ec5f6792,,,,,,,,"room Plot No. 788, Parsi Colony, Near Dadar T.T Circle, Jame Jamshed Rd, Mumbai, Maharashtra- 400014",,,,http://www.masoom.org,,,,,,,,,,,,,,,,,,,,,,
b05ed7d2-e4a5-38e0-b41a-d06e39b8c63e,,,,,,,,"room 1, Ahiripukur First Lane,, First Lane, Kolkata, West Bengal- 700019",,,,http://www.masswelfaresocietykolkata.org,,,,,,,,,,,,,,,,,,,,,,
a4c9b799-ee67-3508-810d-dbfd9bdcd3c8,,,,,,,,"room asde, Aagalgaon Road, New Delhi, Delhi- 110048",,,,http://http://www.mkmesngoindia.org,,,,,,,,,,,,,,,,,,,,,,
12f12d71-fa3d-3f1c-8bd9-d15a8f6dfab8,,,,,,,,"room caxaseaea, cazasddae, Sagar, Madhya Pradesh- 470001",,,,,,,,,,,,,,,,,,,,,,,,,,
eef16e82-611a-39d6-bda7-fdda730e7b2d,,,,,,,,"room 561-A, Main Road Chirag Delhi, New Delhi, Delhi- 110017",,,,,,,,,,,,,,,,,,,,,,,,,,
fd09042e-efca-32d4-ad34-c993cdc55331,,,,,,,,"room Siya Saran Niketan, Lohanipur,Kadamkuan, Saraswati lane, Patna, Bihar- 800003",,,,,,,,,,,,,,,,,,,,,,,,,,
6bc71bde-0a78-3b48-b509-92e110c12f6b,,,,,,,,"room Alipore Street, Ichapur, Alipore Street, Ahmadpur, West Bengal- 743144",,,,http://www.meraparivar.org,,,,,,,,,,,,,,,,,,,,,,
f3f54c11-33d3-3d23-90aa-8cc0a2b778db,,,,,,,,"room new gayaghat, lewis road, Beed, Maharashtra- 431122",,,,http://www.mia.org,,,,,,,,,,,,,,,,,,,,,,
1759c914-b306-3c16-a709-70fb6438cd9d,,,,,,,,"room 1ddq, 1dqe, Panaji, Goa- 403801",,,,,,,,,,,,,,,,,,,,,,,,,,
55feb152-bcb9-38be-8c3e-ce34d3e093c6,,,,,,,,"room asde, acastr, Deogarh, Odisha- 765234",,,,http://www.massp.org.in,,,,,,,,,,,,,,,,,,,,,,
72a03920-d359-3444-9810-080765889b8b,,,,,,,,"room 256 I.P.Colony, Sector 30-33, Faridabad, Haryana- 121003",,,,http://www.mcsindia.org,,,,,,,,,,,,,,,,,,,,,,
d9e359c0-2782-37a3-868e-6b8b2b58e424,,,,,,,,"room thankur comlex, old town road, Mumbai, Maharashtra- 400016",,,,http://www.mesco.org,,,,,,,,,,,,,,,,,,,,,,
aa66d55d-8670-332f-a277-6b6b7a1a7ab6,,,,,,,,"room Annanagar Mainroad, Pattiveeranpatt, Nilakottai taluka, Dindigul, Tamil Nadu- 624211",,,,,,,,,,,,,,,,,,,,,,,,,,
00699ba0-2e6f-3518-807d-5ddca727b19c,,,,,,,,"room 1st & 1st ‘A’ Cross, J.P. Nagar, 2nd Phase,, Bengaluru, Karnataka- 560078",,,,http://www.mobility-india.org,,,,,,,,,,,,,,,,,,,,,,
23682b3f-7c0a-3ee4-be4f-1eb341b35779,,,,,,,,"room 43A, Okhla Industrial Estate, Phase III, New Delhi, Delhi- 110020",,,,http://http://www.moserbaertrust.org,,,,,,,,,,,,,,,,,,,,,,
a1fd5cb5-96d8-3517-b0f5-077efcaeb552,,,,,,,,"room Kasba and Post Office kalchina, Ghaziabad, Uttar Pradesh- 245304",,,,,,,,,,,,,,,,,,,,,,,,,,
06f5fead-bb9b-36a9-aab6-ab1188e0ce30,,,,,,,,"room MMM Office, CIVIL HOSPITAL ROAD,, Marigaon, Assam- 782105",,,,,,,,,,,,,,,,,,,,,,,,,,
7fac1295-681a-3c54-a01d-d2f742260f57,,,,,,,,"room 205-206, 2nd Floor, Shahpur Jat,, Opposite MCD Boys Pripamary School, New Delhi, Delhi- 110048",,,,http://www.marg.org,,,,,,,,,,,,,,,,,,,,,,
16603aba-51cd-38f3-8b31-1cd3388ce875,,,,,,,,"room Alipore Street, Ichapur, Alipore Street, Ahmadpur, West Bengal- 743144",,,,,,,,,,,,,,,,,,,,,,,,,,
7671ecd2-159c-385e-b17c-35ea29e32210,,,,,,,,"room I-11/12 Paragon Condominium, Worli, Pandurang Budkar Marg, New Delhi, Delhi- 400013",,,,http://www.muktanganedu.org,,,,,,,,,,,,,,,,,,,,,,
f1af832f-550a-3517-ba1d-088988ffb050,,,,,,,,"room B-18, West Patel Nagar, New Delhi, Delhi- 110008",,,,,,,,,,,,,,,,,,,,,,,,,,
529516fb-9517-3f64-b513-39e93bcd8344,,,,,,,,"room W-167/114, Indira Camp # 4, New Krishna Park, Vikas Puri, New Delhi, Delhi- 110018",,,,,,,,,,,,,,,,,,,,,,,,,,
b20f8670-097c-3cc5-9b28-094cb1cfeae8,,,,,,,,"room Abbas Bldg, 1st Floor, Merewhether Road, Colaba, Mumbai, Maharashtra- 400001",,,,http://www.mobilecrecches.org,,,,,,,,,,,,,,,,,,,,,,
2b29d617-b5f6-3335-9046-01a61e1053de,,,,,,,,"room D-184/185, New Seemapuri, Near Primary School (Tent Wala), New Seemapuri North East Delhi, New Delhi, Delhi- 110095",,,,,,,,,,,,,,,,,,,,,,,,,,
9b6c3509-e16f-305e-b37e-fe7c85d1adce,,,,,,,,"room 1073/A-2/ C-2 ward 1, Mehrauli, New Delhi, Delhi- 110030",,,,,,,,,,,,,,,,,,,,,,,,,,
294337b2-8c1e-3f47-96b7-8e712c5a6b53,,,,,,,,"room Barpathar, Main Road, New Bongaigaon Railway Colony, Assam- 783381",,,,,,,,,,,,,,,,,,,,,,,,,,
2ca9cda9-3fb7-3060-bbec-60f70e53214f,,,,,,,,"room AH-206, 1st Floor, 3rd Street, Anna Nagar, Chennai, Tamil Nadu- 600040",,,,,,,,,,,,,,,,,,,,,,,,,,
fc4acd5c-3793-336b-bf08-566daeaca709,,,,,,,,"room ROOM NO 10 SONAR COMPOUND, GUNDAVILLI HILL BEHIND JANSEVA, COMMITTEE ANDHERI EAST, Mumbai, Maharashtra- 400069",,,,,,,,,,,,,,,,,,,,,,,,,,
fc29da5d-79a8-3167-a16e-532db24d26b8,,,,,,,,"room zxzczc, vzczc, Abiramam, Tamil Nadu- 481116",,,,,,,,,,,,,,,,,,,,,,,,,,
d35bd538-ca14-39d8-a830-e15a302919fb,,,,,,,,"room zxzczc, zxv, New Delhi, Delhi- 110043",,,,http://http://www.indianss.org,,,,,,,,,,,,,,,,,,,,,,
14c1673a-0eef-36f6-810c-093caed11ade,,,,,,,,"room bbb, nzmz, Alwarkurichi, Tamil Nadu- 767035",,,,,,,,,,,,,,,,,,,,,,,,,,
b338c1b1-d018-3c6e-b63e-78729851758f,,,,,,,,"room Motibai Thackersey Building, 2nd Floor, Mahalaxmi Mandir Compound, opp DhakleshwarTemple, Bhulabhai Desai Road,Mahalaxmi, Mumbai, Maharashtra- 400026",,,,http://www.dbmindia.org,,,,,,,,,,,,,,,,,,,,,,
6ba9168a-e166-3ff4-90cf-8c8398a08933,,,,,,,,"room Vikas Bhavan, Rajputtola,, Banmankhi, Purnia, Bihar- 854202",,,,,,,,,,,,,,,,,,,,,,,,,,
6a0530bc-75d4-3979-a159-a0276421edbd,,,,,,,,"room Ward No 11, Bodofa Nwgwr, Kadamtola, P. O. Titaguri, Kokrajhar, Assam- 783370",,,,http://www.needan.in,,,,,,,,,,,,,,,,,,,,,,
462acd0e-01f3-3456-a33b-b13dbb773e57,,,,,,,,"room B-38 First Floor, Panchsheel Enclave, New Delhi, Delhi- 110007",,,,http://www.nlrindia.org,,,,,,,,,,,,,,,,,,,,,,
96c7b668-c702-352d-a20f-5bce57e95b4b,,,,,,,,"room casarrrfa, baxasar, Bhopal, Madhya Pradesh- 480001",,,,,,,,,,,,,,,,,,,,,,,,,,
90d899e1-bbf3-3ea0-b8de-5d56d9f0fe53,,,,,,,,"room A-1,Third Floor, Sarvodaya Enclave, Adjacent to Mother's International School, New Delhi, Delhi- 110017",,,,http://www.negfire.org,,,,,,,,,,,,,,,,,,,,,,
f52d81b6-1dcd-3793-b0f8-9ff7dfd6cd4f,,,,,,,,"room No:1/12, Naadar Street, Naadar Chathiram,, Naadar Street, Tirukkattuppalli, Tamil Nadu- 620102",,,,http://www.newlifemfi.org,,,,,,,,,,,,,,,,,,,,,,
395a3c7b-5029-3b43-8ac3-bd8d950411e7,,,,,,,,"room A-1/34 Vishwas Khand,, Gomti Nagar, Lucknow, Uttar Pradesh- 226010",,,,http://www.nyfindia.org,,,,,,,,,,,,,,,,,,,,,,
b24450a4-cd39-389b-9bc1-254a1f1f42e3,,,,,,,,"room caca, cada, Ariyur, Tamil Nadu- 441207",,,,,,,,,,,,,,,,,,,,,,,,,,
0befd5aa-c2a3-3dfc-b227-a6cb2fd0ef8a,,,,,,,,"room New Light 162 Kalighat Road, Kalighat Road, Kolkata, West Bengal- 700026",,,,,,,,,,,,,,,,,,,,,,,,,,
4e149fb6-6e6e-363c-90e8-62242a119762,,,,,,,,"room NEW THINKING FORUM At- Mangala Nagar, Main Road, Khurda, Odisha- 752055",,,,,,,,,,,,,,,,,,,,,,,,,,
f0de0fa5-d7b1-33ff-b47c-192582ef3fd2,,,,,,,,"room S-1, Plot No. 278,, sector-4 Vaishali, Ghaziabad, Uttar Pradesh- 110096",,,,http://www.newstalktrust.org,,,,,,,,,,,,,,,,,,,,,,
a4b0c29e-0031-3905-96cc-c71cf47ecadd,,,,,,,,"room 1-10-34/T2,Modren Mansion Apts, Temple Alwal,, Secunderabad, Telangana- 500010",,,,http://www.newell.org,,,,,,,,,,,,,,,,,,,,,,
d0076dac-b179-3cec-b3a8-2041ff512bd4,,,,,,,,"room A 1/12, New Patliputra colony, Sagar Complex., Patna, Bihar- 800013",,,,,,,,,,,,,,,,,,,,,,,,,,
389c788e-97d7-3a17-9b25-9bfe3df2a812,,,,,,,,"room At Po Virgaon, Ahmadnagar Cantonment, Maharashtra- 422601",,,,,,,,,,,,,,,,,,,,,,,,,,
3f236ebd-3168-3c8f-ac77-aa1e1d5f4878,,,,,,,,"room aaaaaa, xzsa, New Delhi, Delhi- 110064",,,,http://http://www.nipun.org,,,,,,,,,,,,,,,,,,,,,,
380cafee-34b7-30b1-b0cb-b292305eb383,,,,,,,,"room N-585, SECTOR-25,, NOIDA, Noida, Uttar Pradesh- 201301",,,,http://www.nivedafoundation.org,,,,,,,,,,,,,,,,,,,,,,
cce2acff-122a-3591-932e-120fbfd44ae1,,,,,,,,"room 803, SUNLIGHT COLONY-II, ASHRAM, New Delhi, Delhi- 110014",,,,http://www.nocindia.org,,,,,,,,,,,,,,,,,,,,,,
c462329e-8f39-35b8-be8e-f2e8da82d27d,,,,,,,,"room Nikunj foundation 454, Near S.B.I. Garulia Branch, Garulia Main Road, 24 Parganas (n), West Bengal- 743133",,,,http://www.nikunjfoundation.org,,,,,,,,,,,,,,,,,,,,,,
a942f06d-cdc9-35b9-9819-b0f0ccad8037,,,,,,,,"room hjygjy, dfdfg, New Delhi, Delhi- 110064",,,,http://http://www.nucleusindia.org,,,,,,,,,,,,,,,,,,,,,,
c01f4c1a-ddc4-3f12-9ea5-07e8c3951b33,,,,,,,,"room 1025 S, Society Colony Oddanchatram, Oddanchatram, Dindigul, Tamil Nadu- 624619",,,,http://www.oasisfoundationsociety.co.in,,,,,,,,,,,,,,,,,,,,,,
c09f4ca7-4ca3-325b-9040-783b66bf7600,,,,,,,,"room Plot No. 38/B,  Phase-I,, IDA Cherlapally, Secunderabad, Telangana- 500051",,,,http://www.onechildonelight.org,,,,,,,,,,,,,,,,,,,,,,
c396a6b4-a78c-3d9b-89e0-6461b1b959f9,,,,,,,,"room C-92, TOP FLOOR, NEAR - SPAN HOUSE,, MADANGIR VILLAGE, MADANGIR VILLAGE, New Delhi, Delhi- 110062",,,,http://www.omabmfoundation.org,,,,,,,,,,,,,,,,,,,,,,
cb3e601e-9f69-3667-95c2-0d733dfe2d3a,,,,,,,,"room D-2 Golf View Apartment Saket, New Delhi, Delhi- 110017",,,,,,,,,,,,,,,,,,,,,,,,,,
baa6e4fa-9fff-309c-9512-675065f7ede6,,,,,,,,"room asde, acastr, Khurda, Odisha- 759017",,,,http://http://www.osvswa.org,,,,,,,,,,,,,,,,,,,,,,
7995e233-97b4-3641-b8e5-a7366a4f9a33,,,,,,,,"room thankur complex, hamilton road, Mumbai, Maharashtra- 400016",,,,http://www.pct.org,,,,,,,,,,,,,,,,,,,,,,
4fac9295-5f90-35d8-a24b-9f9deda663ea,,,,,,,,"room D25/D, S.J.House, South Extension Part II, New Delhi, Delhi- 110049",,,,http://www.phia.org.in,,,,,,,,,,,,,,,,,,,,,,
9c5de782-c61e-3214-bfdc-060afe3622e2,,,,,,,,"room aaaaaa, fdsrd, Patna, Bihar- 380007",,,,http://http://www.psvk.org.in,,,,,,,,,,,,,,,,,,,,,,
46d1b8e2-dfa5-37b4-831e-0c5bc818c9bd,,,,,,,,"room Vill &Po. Mohammadalla, Azamgarh, Uttar Pradesh- 276001",,,,,,,,,,,,,,,,,,,,,,,,,,
35421e6f-c8cf-38b2-8e29-a02b0212bb34,,,,,,,,"room 35/2/9 Kishangarh,, Vasant Kunj, Vasant Kunj, New Delhi, Delhi- 110070",,,,http://www.pnpindia.in,,,,,,,,,,,,,,,,,,,,,,
7a1543f3-f439-3119-b99d-53be35a361cc,,,,,,,,"room DDA 3456, munirka, New Delhi, Delhi- 110048",,,,http://www.pppms.in,,,,,,,,,,,,,,,,,,,,,,
c665b5e6-0e50-37c5-abe3-9f1585ca5861,,,,,,,,"room Buxidih Road Near Samanta Poultry Farm, Giridih, Jharkhand- 815013",,,,,,,,,,,,,,,,,,,,,,,,,,
8a1c35ff-a7ab-38bd-8567-068f8e8cee74,,,,,,,,"room copernicus valley, cspur road, Pune, Maharashtra- 411001",,,,http://www.planinternational.org,,,,,,,,,,,,,,,,,,,,,,
f6e5201f-9da0-3718-bb51-16091a9868dc,,,,,,,,"room PRAGATI PATH B-205 Dindayal Nagar, Sipri Bazar, Jhansi, Uttar Pradesh- 284003",,,,,,,,,,,,,,,,,,,,,,,,,,
51967367-e781-3d3a-9a47-f8cd8277c8b8,,,,,,,,"room 16-B, Krishna Niwas, 2nd Floor, , Dr. Ambedkar Road, Dadar (E), Mumbai, Maharashtra- 400014",,,,http://www.niramaya.org,,,,,,,,,,,,,,,,,,,,,,
11cf99f9-e363-3c93-81bd-49bfe7ea4332,,,,,,,,"room Ammu arcade ammu nagar,, syndicate kalyan west, Thane, Maharashtra- 421301",,,,http://www.psmm.org,,,,,,,,,,,,,,,,,,,,,,
4f599a15-34d3-3900-8786-173c26332e1d,,,,,,,,"room vaxxsr, czcddddd, Bhopal, Madhya Pradesh- 480001",,,,,,,,,,,,,,,,,,,,,,,,,,
9d37b43a-a23b-3022-8631-4e18997d0597,,,,,,,,"room C-75 ,, South Extension Part - 2, Patna, Bihar- 110049",,,,http://www.praxisindia.org,,,,,,,,,,,,,,,,,,,,,,
1873251d-55fa-377d-a755-42dfc237df72,,,,,,,,"room House of Mr. Lakshman Chandra Khamrui ICPAPUR Sealdanga,, Santragachi Dist, Howrah, West Bengal- 711104",,,,http://www.prayas-bharat.org,,,,,,,,,,,,,,,,,,,,,,
d759e547-e431-351b-bf01-cd817b666bec,,,,,,,,"room C-32, Ground Floor, Panchsheel Enclave, Near Chirag Delhi Flyover, New Delhi, Delhi- 110017",,,,http://www.pciindia.org,,,,,,,,,,,,,,,,,,,,,,
ad870ff5-2700-3516-a3f6-6d6cea147b55,,,,,,,,"room Project Mala School, Village Guria, Post Thathara, Varanasi, Ahead of Kachhawa Road crossing, Varanasi, Uttar Pradesh- 221313",,,,http://www.projectmala.org.in,,,,,,,,,,,,,,,,,,,,,,
082bd947-05d1-31a4-a3d6-9892f0979e8c,,,,,,,,"room Rugudipara Near BSNL Office, Main Road, Balangir, Odisha- 767001",,,,,,,,,,,,,,,,,,,,,,,,,,
7ce793a5-8a5d-3311-80f6-c7f18e1eaca7,,,,,,,,"room asdd, asdd, New Delhi, Delhi- 110048",,,,,,,,,,,,,,,,,,,,,,,,,,
f8880354-f8d3-3a2e-945d-5d4367352002,,,,,,,,"room BP-139, Shalimar Bagh,, Shalimar Bagh,, New Delhi, Delhi- 110088",,,,http://www.psychoeducationalsociety.org,,,,,,,,,,,,,,,,,,,,,,
e0b696b8-fea8-3acf-a91e-9144a9438d96,,,,,,,,"room grstd, assxs, Surat, Gujarat- 543123",,,,,,,,,,,,,,,,,,,,,,,,,,
2b4538ba-4ad2-3080-9456-7b14b5881a2c,,,,,,,,"room Qmed Knowledge Foundation A-3, Shubham Centre, Cardinal Gracious Road, Mumbai, Maharashtra- 400099",,,,,,,,,,,,,,,,,,,,,,,,,,
888ce125-3fa0-3503-a9f0-2783fe54db26,,,,,,,,"room qwa, asaaq, Alwar, Rajasthan- 432567",,,,,,,,,,,,,,,,,,,,,,,,,,
1e41e495-f801-33b5-a69b-df35991f42e7,,,,,,,,"room E2 Mandar Society, Raut lane, Juhu, Mumbai, Maharashtra- 400049",,,,http://www.rafoundation.in,,,,,,,,,,,,,,,,,,,,,,
41e559f4-830d-362f-8a59-211e53d68f49,,,,,,,,"room 1, Moti Sagar, 377, Keluskar Road South,Shivaji Park,, Mumbai, Maharashtra- 400028",,,,,,,,,,,,,,,,,,,,,,,,,,
fc369daa-3533-3ee7-8688-00123e3d1285,,,,,,,,"room cxzs, nbvc, Gajapathinagaram, Andhra Pradesh- 543123",,,,,,,,,,,,,,,,,,,,,,,,,,
30e038d3-1181-3723-8e19-5ffc9bc8827f,,,,,,,,"room 4/2 Orient Row (near Park Circus) Ground Floor, Park Circus, Kolkata, West Bengal- 700017",,,,http://www.reach-india.net,,,,,,,,,,,,,,,,,,,,,,
804a550f-7323-3a62-9768-8ed501619daf,,,,,,,,"room Wz-510A, Flat No.109,, New Delhi, Delhi- 110045",,,,,,,,,,,,,,,,,,,,,,,,,,
70b9673a-3874-3516-a305-3d3a056124fb,,,,,,,,"room HIG-26, K-6, Phase-II, Kalinga Vihar, Bhubaneswar, Odisha- 751019",,,,,,,,,,,,,,,,,,,,,,,,,,
e4919548-131d-33d5-b222-b23c98d48095,,,,,,,,"room cccc, asde, New Delhi, Delhi- 110070",,,,http://http://www.responsenet.org,,,,,,,,,,,,,,,,,,,,,,
57161dce-899b-3f5a-8bde-c0fb6a6f7e73,,,,,,,,"room road nos 3,bariatu ranchi, Near birsa blood bank, Ranchi, Jharkhand- 834009",,,,,,,,,,,,,,,,,,,,,,,,,,
9000a290-1725-3255-8031-a5a8c414f17a,,,,,,,,"room asde, zsaaa, New Delhi, Delhi- 110048",,,,,,,,,,,,,,,,,,,,,,,,,,
9440f17f-86a0-3836-971e-dd5d5480fd33,,,,,,,,"room A-31, Vrindavan Vihar Colony,, Jamani Road,, Itarsi, Madhya Pradesh- 461111",,,,http://www.rtdo.org,,,,,,,,,,,,,,,,,,,,,,
4d01bd47-f359-3848-99e4-c10b8c9bb83a,,,,,,,,"room asde, sadeft, New Delhi, Delhi- 110048",,,,,,,,,,,,,,,,,,,,,,,,,,
7a724555-f53c-3cbd-9467-ee0a2e21ef9b,,,,,,,,"room cda colony, infocity road, Ahmednagar, Maharashtra- 410201",,,,http://www.sadhavfoundation.org,,,,,,,,,,,,,,,,,,,,,,
a38f2a19-81f9-37bd-b01a-1b4005321cc2,,,,,,,,"room No.21, Annai Therasa Nagar, Near Donbosco Matthew, Hr. Sec School Villivakkam, Chennai, Tamil Nadu- 600049",,,,http://www.safeindia.me,,,,,,,,,,,,,,,,,,,,,,
635d83be-07c3-3142-af9c-172b7f61473c,,,,,,,,"room Mirchinetola Tikariya, Gorakhpur, Uttar Pradesh- 273165",,,,,,,,,,,,,,,,,,,,,,,,,,
6c5d917d-8628-3be3-bdd9-c1187207ce5d,,,,,,,,"room 7 Sattar Seth Building, PadmaPani Colony, Railway Station Road, Aurangabad, Maharashtra- 431005",,,,,,,,,,,,,,,,,,,,,,,,,,
3a8120a0-beb5-34d9-a452-123ab8beedb7,,,,,,,,"room thames complex, hamstead roasd, New Delhi, Delhi- 400088",,,,http://www.sahaaracharitablesociety.org,,,,,,,,,,,,,,,,,,,,,,
e0a578b4-ac01-3aeb-b50d-e490c69b4655,,,,,,,,"room 531 VILLAGE MANDOLI, New Delhi, Delhi- 110093",,,,,,,,,,,,,,,,,,,,,,,,,,
2c61083a-fb44-3be6-a383-f3abef19f7ba,,,,,,,,"room asde, acastr, Bangura, Odisha- 765234",,,,http://www.sljs.org,,,,,,,,,,,,,,,,,,,,,,
9026bd89-b084-3b42-a708-0530ca7b1fec,,,,,,,,"room 22, Basement Bhera Enclave,, Paschim Vihar, New Delhi, Delhi- 110087",,,,http://www.sahyogcare4u.org,,,,,,,,,,,,,,,,,,,,,,
a98d9095-f0f3-3263-8f98-fe313e8385b0,,,,,,,,"room 73, Block No.21, Trilok Puri, New Delhi, Delhi- 110091",,,,http://www.sajagfoundation.ngo,,,,,,,,,,,,,,,,,,,,,,
ae38e382-5e22-3713-8664-361bf7861c46,,,,,,,,"room C/o Development Support Center, Marutinandan Villa-1, Nr, Government Tubewell, Bopal, Ahmedabad, Gujarat- 380058",,,,,,,,,,,,,,,,,,,,,,,,,,
dc185af1-2b2d-37f3-86c7-e4ad278f1e77,,,,,,,,"room asde, acastr, Ahmedabad, Gujarat- 543123",,,,,,,,,,,,,,,,,,,,,,,,,,
1d2cbcd4-b1f8-39c4-ba40-71a671fd5205,,,,,,,,"room Flat 9 Dakshineshwar Building,, New Rajinder Nagar, 10 Hailey Road, New Delhi, Delhi- 100001",,,,http://www.saksham.org,,,,,,,,,,,,,,,,,,,,,,
33b508a2-089d-38df-b078-5b000d23482b,,,,,,,,"room 2nd Floor, DDA Community Centre, Gali Chandiwali, Paharganj, New Delhi, Delhi- 110055",,,,http://www.salaambaalaktrust.com,,,,,,,,,,,,,,,,,,,,,,
f65ac55e-b6cd-3ff9-9b58-b04e511482db,,,,,,,,"room sadad, acastr, Balasore, Odisha- 765234",,,,http://www.giveindia.org,,,,,,,,,,,,,,,,,,,,,,
03c43118-8dbe-3200-bec3-76ca32083edb,,,,,,,,"room No.47/48 59th Cross 17th A Main, Rajajinagar 5th Block, Bengaluru, Karnataka- 560010",,,,http://www.sama-foundation.org,,,,,,,,,,,,,,,,,,,,,,
e70f8e88-09fd-3b87-9611-a81ed60ef896,,,,,,,,"room czvvv, vzcxss, Bhopal, Madhya Pradesh- 461012",,,,,,,,,,,,,,,,,,,,,,,,,,
bf9e6c50-57a5-3505-b470-96d8758ebee3,,,,,,,,"room H-9, Akash Bharti Apartmens, Plot 24, I.P.Extension, New Delhi, Delhi- 110092",,,,,,,,,,,,,,,,,,,,,,,,,,
c3db691a-2886-3f70-9db1-8ea6f01fc4e1,,,,,,,,"room asde, adsd, New Delhi, Delhi- 110048",,,,http://www.sambandhhealthfoundation.in,,,,,,,,,,,,,,,,,,,,,,
0877be3a-3342-3150-b7b9-50d4767ed17c,,,,,,,,"room acacca, cacac, Balod, Chhattisgarh- 343254",,,,,,,,,,,,,,,,,,,,,,,,,,
5f867a2d-701c-3c4b-a9aa-381e7bcff251,,,,,,,,"room 1st Floor, S.S. Bengali Municipal School, Thakurdwar Rd,  Charni Road, Mumbai, Maharashtra- 400002",,,,http://www.sankalptrust.org,,,,,,,,,,,,,,,,,,,,,,
3794c559-37c5-346b-bfe8-640cc9e46782,,,,,,,,"room 10, Ashok Mohalla Maujpur, New Delhi, Delhi- 110053",,,,,,,,,,,,,,,,,,,,,,,,,,
061bbb7b-28fb-3993-ac9e-f377e945c286,,,,,,,,"room F-52, Sec-8,, aqsw, New Delhi, Delhi- 110007",,,,,,,,,,,,,,,,,,,,,,,,,,
9d88e781-7cfd-3fc8-b21a-04df0d4c6742,,,,,,,,"room Alipore Street, Ichapur, Alipore Street, Nadia, West Bengal- 743144",,,,http://http://www.santipurecho.org,,,,,,,,,,,,,,,,,,,,,,
8b1e4ac0-15b9-3d85-8c7a-c7eee7923a79,,,,,,,,"room Dwarka Vihar, Kakrola road, Nazafgarh, New Delhi, Delhi- 110043",,,,http://www.santravidasseducationalsociety.com,,,,,,,,,,,,,,,,,,,,,,
adb15b5c-a36b-3cde-be26-4d0ab614127f,,,,,,,,"room E - 93, Bhagwati Garden Extn., Uttam Nagar, New Delhi, Delhi- 110059",,,,,,,,,,,,,,,,,,,,,,,,,,
c583064b-fb3a-39bf-b476-9bfcfee6ef91,,,,,,,,"room 52.East Street,Uthangal&post,Vridhachal Taluk, Cuddalore, Tamil Nadu- 607804",,,,,,,,,,,,,,,,,,,,,,,,,,
4a7e7d79-2695-3e1e-810c-8347efc79420,,,,,,,,"room zaa, adsd, New Delhi, Delhi- 110048",,,,,,,,,,,,,,,,,,,,,,,,,,
6dee437e-ddef-35a8-9a57-d97b68f10c6f,,,,,,,,"room Plot No. 6 (LGF),, Punjabi Bagh West,, Behind Pal Mohan Apartment on Club Road, New Delhi, Delhi- 110026",,,,http://www.sarthakprayas.org,,,,,,,,,,,,,,,,,,,,,,
66b8d445-7e37-3b24-a872-71aba81aa2f7,,,,,,,,"room 36, Ratna Forever, 4th Floor, Above BESCOM office, 1st Cross, Model Colony, Yeshwanthpur, Bengaluru, Karnataka- 560022",,,,,,,,,,,,,,,,,,,,,,,,,,
b117f5af-c3e0-3261-bef4-094cefba6a5c,,,,,,,,"room czxz, sadad, New Delhi, Delhi- 110048",,,,,,,,,,,,,,,,,,,,,,,,,,
ddddc6c8-b171-3292-b1c5-40c124f90351,,,,,,,,"room C/O Mr. Ganesh Panwar Isha Nagar Colony, Near Jai Gurudev International School, Chhindwara, Madhya Pradesh- 480001",,,,,,,,,,,,,,,,,,,,,,,,,,
69f59d59-5332-3e4b-9b71-edb39a494db8,,,,,,,,"room Alipore Street, Ichapur, Alipore Street, Kolkata, West Bengal- 743144",,,,,,,,,,,,,,,,,,,,,,,,,,
41bafaf0-8f5c-382e-b1d4-83a8bde54cb2,,,,,,,,"room asde, sadeft, New Delhi, Delhi- 110048",,,,http://www.scopeplus.org,,,,,,,,,,,,,,,,,,,,,,
a96043d1-24ba-3b7e-a7b6-e58736e6cb2e,,,,,,,,"room 15/A, Institutional Area, R.K. Puram Sector-4, R.K. Puram, New Delhi, Delhi- 110022",,,,,,,,,,,,,,,,,,,,,,,,,,
ad802c34-611f-32a8-a6a0-fa92bc8178ff,,,,,,,,"room H. NO.-1010/121, Madanpur Khadar, Sarita Vihar,, New Delhi, Delhi- 110076",,,,,,,,,,,,,,,,,,,,,,,,,,
4a53d4d5-34fa-3847-9008-78500ed28466,,,,,,,,"room 2nd Floor, Administrative Block Andhajan Mandal Campus, Vatarpur, Ahmedabad, Gujarat- 380015",,,,http://www.senseindia.org,,,,,,,,,,,,,,,,,,,,,,
9711aea6-d87c-3273-8e08-7a661825a9e6,,,,,,,,"room 3-689 Nagari Street, Srikalahasti, Chitoor, Andhra Pradesh- 517644",,,,,,,,,,,,,,,,,,,,,,,,,,
80cd1841-9f3f-36d4-8acd-be76d4bc46a6,,,,,,,,"room 245/A, North Strret, Vanniconendal, Sankarankovil Taluk, Tirunelveli, Tamil Nadu- 627954",,,,,,,,,,,,,,,,,,,,,,,,,,
b49a1e8a-49ec-3aa5-a279-7a09337f5255,,,,,,,,"room assa, acastr, Balangir, Odisha- 765234",,,,http://www.scopeorg.in,,,,,,,,,,,,,,,,,,,,,,
f7123d2b-dc5d-377b-9919-627ce90699c5,,,,,,,,"room zaa, dfdfg, New Delhi, Delhi- 110007",,,,,,,,,,,,,,,,,,,,,,,,,,
1e8318f5-9d4d-359d-95ea-4eb9fe480481,,,,,,,,"room asde, zaxas, New Delhi, Delhi- 110048",,,,,,,,,,,,,,,,,,,,,,,,,,
142802fb-3d35-3958-830f-95f9cf00e777,,,,,,,,"room 769/7 Arunodaya,Deccan Gymkhana, Deccan Gymkhana, Pune, Maharashtra- 411004",,,,http://www.shelter-associates.org,,,,,,,,,,,,,,,,,,,,,,
4eed6d7b-1914-3719-9c8f-48a123e60d4e,,,,,,,,"room Shivchhatra Behind Hatwar Complex, Saat Rasta, New Delhi, Delhi- 110064",,,,http://www.shikshaabhiyan.in,,,,,,,,,,,,,,,,,,,,,,
70fb76a8-01c4-37be-943b-ee8cae2491fc,,,,,,,,"room M-65 Greater Kailash-1, New Delhi, Delhi- 110048",,,,,,,,,,,,,,,,,,,,,,,,,,
3506d054-b3f1-34d6-8aab-99b8591b52f7,,,,,,,,"room Shivchhatra Behind Hatwar Complex, aqsw, New Delhi, Delhi- 112001",,,,,,,,,,,,,,,,,,,,,,,,,,
baab315f-9c9d-3ea5-b51c-870c641ff003,,,,,,,,"room P.NO.1063,MARUTI NAGAR COLONY, P.O.RAMNA,SAMNE GHAT ROAD,LANKA, Varanasi, Uttar Pradesh- 221005",,,,,,,,,,,,,,,,,,,,,,,,,,
b88d3eff-6d32-3019-8751-e7e96140aeb9,,,,,,,,"room asde, acastr, Ahmedabad, Gujarat- 625104",,,,,,,,,,,,,,,,,,,,,,,,,,
59a5b82f-b7c5-35c4-ac91-e4aee9a538b8,,,,,,,,"room ccacca, acastr, New Delhi, Delhi- 110048",,,,,,,,,,,,,,,,,,,,,,,,,,
58b0ef7b-eb60-316b-bb64-12ebad5df1ef,,,,,,,,"room wwww, fff, Anand, Gujarat- 354678",,,,,,,,,,,,,,,,,,,,,,,,,,
c919d28a-fbe6-32d3-8905-50edf3b26662,,,,,,,,"room Shop No-2 Mangalmurti Complex,, Kalwa Chowk, Javahar Road,, Junagadh, Gujarat- 543123",,,,,,,,,,,,,,,,,,,,,,,,,,
320df84e-4854-3acb-b54d-11a861609ccc,,,,,,,,"room D-6/53 DAYAL PUR EXTN., East Delhi, New Delhi, Delhi- 110094",,,,,,,,,,,,,,,,,,,,,,,,,,
8a1fdc78-e5d9-35f8-9d60-c3c5156f371a,,,,,,,,"room Mohd.Mughala, Hardaspura, mall road, Chamba, Himachal Pradesh- 176316",,,,,,,,,,,,,,,,,,,,,,,,,,
b3cd895a-8d9b-3126-8fff-93ff311f5fd1,,,,,,,,"room A5-B/184 PASCHIM VIHAR, New Delhi, Delhi- 110063",,,,,,,,,,,,,,,,,,,,,,,,,,
af143fdf-243c-39c6-b52e-f0bdc13e0da3,,,,,,,,"room 205, SUN Campus, Navkar Complex, University Road, Udaipur, Rajasthan- 313001",,,,,,,,,,,,,,,,,,,,,,,,,,
27283c33-cdd9-3449-ab40-dd1dc8a4683d,,,,,,,,"room uytr, werd, Amroli, Gujarat- 387654",,,,,,,,,,,,,,,,,,,,,,,,,,
856a581b-1fd2-3235-8449-16548dd04c0f,,,,,,,,"room Fort Lake, 4th Floor, 39A Lake Avenue, New Delhi, West Bengal- 700026",,,,,,,,,,,,,,,,,,,,,,,,,,
5df31919-1925-307d-a33b-1bffbd785067,,,,,,,,"room B-30, BDA Duplex, BARAMUNDA, Khordha, Bhubaneswar, Odisha- 751003",,,,,,,,,,,,,,,,,,,,,,,,,,
36d3e74b-eceb-3913-81b2-44e929a3360d,,,,,,,,"room Sairam Nivas, Behind Nariseva Sadan, Sambalpur, Odisha- 768001",,,,,,,,,,,,,,,,,,,,,,,,,,
1eace2f1-4add-39da-8e35-617834149408,,,,,,,,"room House No C-31 Gali No 10 Bindapura Road, Shani Bazar Nanhey Park, Nawada, Uttam Nagar, New Delhi, Delhi- 110059",,,,,,,,,,,,,,,,,,,,,,,,,,
262b3790-c85e-305a-aabb-5168789ad66d,,,,,,,,"room 30 NO F C Grant, Doolahat Tiniali Road, Doolahat Bazar, Lakhimpur, Assam- 787023",,,,,,,,,,,,,,,,,,,,,,,,,,
b962b279-6e5c-38b7-ba1a-88b744e59b97,,,,,,,,"room Krida Vikas Sanstha Shantisadan, Lonara Road. Bokhara, Mumbai, Maharashtra- 441111",,,,,,,,,,,,,,,,,,,,,,,,,,
f5f31305-dd79-3eb7-b9ec-165e0918833a,,,,,,,,"room asde, acastr, New Delhi, Delhi- 110048",,,,http://www.sochorganization.com,,,,,,,,,,,,,,,,,,,,,,
5d48f880-de0f-39f8-a906-e6c326e88cd0,,,,,,,,"room 311, KIRTI DEEP BUILDING, NANGAL RAYA COMMERCIAL COMPLEX, New Delhi, Delhi- 110046",,,,http://www.sard.org,,,,,,,,,,,,,,,,,,,,,,
39b92204-a41a-371f-a423-5ebc520decf8,,,,,,,,"room 205/44, Veer Savarkar Block, Shakarpur, New Delhi, Delhi- 110092",,,,http://www.shodh.org.in,,,,,,,,,,,,,,,,,,,,,,
1389e3fa-ef14-3a19-9edf-fa800b6ed5e9,,,,,,,,"room 66/2, Sarat Chandra Dhar Road, Sarat Chandra Dhar Road, 24 Parganas (n), West Bengal- 700090",,,,http://spanvoice.org,,,,,,,,,,,,,,,,,,,,,,
862dce5c-9b6e-388e-87ee-d32ebef2808f,,,,,,,,"room Vill- Chhapiya (Rendwaliya), Po- Pehar, Utrola, Balrampur, Uttar Pradesh- 271604",,,,,,,,,,,,,,,,,,,,,,,,,,
0afe01e7-bfde-385b-b646-4ae4fdd097f0,,,,,,,,"room 219, 12th East Cross Road,, MKB Nagar, 12th East Cross Road,, Chennai, Tamil Nadu- 600039",,,,http://www.samugan.com,,,,,,,,,,,,,,,,,,,,,,
0f0008d5-6894-38b0-a030-3904d1e7e7dc,,,,,,,,"room cccc, zaa, New Delhi, Delhi- 110048",,,,,,,,,,,,,,,,,,,,,,,,,,
f169eeef-03d4-3877-bcff-7f4c9d8b7930,,,,,,,,"room 19 A Bharat Nagar, Bharat Nagar Road, New Delhi, Delhi- 110065",,,,,,,,,,,,,,,,,,,,,,,,,,
13791ed3-961d-3741-acff-1c686d2d2e21,,,,,,,,"room 512 A, Deepshikha, 8 Rajendra Place, New Delhi, Delhi- 110008",,,,,,,,,,,,,,,,,,,,,,,,,,
3b69a13a-5efe-3285-9444-83880be9978d,,,,,,,,"room RZ-17A,, Syndicate Enclave near Dabri More, Backside street no-2, New Delhi, Delhi- 110045",,,,http://www.sparshintention.org,,,,,,,,,,,,,,,,,,,,,,
5792a11d-daa7-31a8-9036-c8af9b5874c0,,,,,,,,"room cxza, zxasa, Abu Road, Rajasthan- 765234",,,,,,,,,,,,,,,,,,,,,,,,,,
577c795b-7a0c-39a4-9db6-94cc6bdf3f08,,,,,,,,"room Bhaktivedanta Hospital, Sshrishti Complex, Sector - 1, Mira Road (E), Thane, Maharashtra- 401107",,,,http://www.shareyourcare.com,,,,,,,,,,,,,,,,,,,,,,
9af6006a-61e2-32de-99db-385bb448a17f,,,,,,,,"room asde, zaxas, New Delhi, Delhi- 110070",,,,http://http://www.sshrishti.org,,,,,,,,,,,,,,,,,,,,,,
ebd84fcf-abab-3ab8-9f1f-0f92cfaefa2f,,,,,,,,"room F -128, 2nd Floor, Mohammadpur, New Delhi, Delhi- 110066",,,,,,,,,,,,,,,,,,,,,,,,,,
31497923-688c-32e3-bbe4-d17839bf09f0,,,,,,,,"room qqqqq, asz, New Delhi, Delhi- 110021",,,,,,,,,,,,,,,,,,,,,,,,,,
e6c3efc4-c2b9-36f9-b117-21f6ba1f2f8a,,,,,,,,"room Post Box No.5, Sidharthanagar, Mysore, Karnataka- 570011",,,,,,,,,,,,,,,,,,,,,,,,,,
238fb5ea-735f-35c2-a90d-c4f97e953c36,,,,,,,,"room 51A, Lake Place, Kolkata 700029, Alipore Street, 24 Parganas (n), West Bengal- 743144",,,,http://www.tigerwidows.in,,,,,,,,,,,,,,,,,,,,,,
e43803f4-3fd9-317c-9d29-557daaf511a7,,,,,,,,"room Radha Govind Nagar, Opp: HP petrol pump, pathapatnam Road, Paralakhemundi, Ganjam, Odisha- 761200",,,,,,,,,,,,,,,,,,,,,,,,,,
b7c14c09-f7cb-3b8f-8e3a-b6d8f0019740,,,,,,,,"room qwa, acastr, New Delhi, Delhi- 110043",,,,,,,,,,,,,,,,,,,,,,,,,,
f57b3ffd-3b8f-38ce-9a1d-9cbdd2469e36,,,,,,,,"room marauti tower, Veera Desai Road, Mumbai, Maharashtra- 400053",,,,,,,,,,,,,,,,,,,,,,,,,,
7e17b27a-6d14-39e4-b818-b5d67de1179a,,,,,,,,"room Alipore Street, Ichapur, Alipore Street, Aistala, West Bengal- 743144",,,,http://http://www.swayam.info,,,,,,,,,,,,,,,,,,,,,,
77c68002-ad0d-3f44-bc19-0342ec0e9072,,,,,,,,"room H. No. 41, 1st Main, 1st Cross, Ashwathnagar,, Behind Govt. High School, Bangalore, Bengaluru, Karnataka- 560094",,,,http://www.swasti.org,,,,,,,,,,,,,,,,,,,,,,
94145c5d-fae4-3c36-844e-194fd7bb1c6e,,,,,,,,"room B 1/46, 3rd Floor, Malviya Nagar, New Delhi, Delhi- 110017",,,,,,,,,,,,,,,,,,,,,,,,,,
15291d42-83c9-3282-9310-d9b48b986443,,,,,,,,"room 39/186C, Mahakavi G Road, Karikkamuri Ernakulam, Ernakulam, Kerala- 682011",,,,,,,,,,,,,,,,,,,,,,,,,,
eb7541de-2953-306d-b10c-bd76a843212c,,,,,,,,"room South 24 Parganas, Alipore Street, 24 Parganas (n), West Bengal- 743144",,,,http://www.tall.org,,,,,,,,,,,,,,,,,,,,,,
3fcc70b1-2210-363a-838a-f83816b28ebf,,,,,,,,"room 6B Rajani Bhattacharjee Lane, Rajani Bhattacharjee Lane, New Delhi, Delhi- 700026",,,,http://www.tamassociety.com,,,,,,,,,,,,,,,,,,,,,,
b77c2f35-3a76-3fb6-9c44-426cce4a73d6,,,,,,,,"room acac, cacac, Aldona, Goa- 431121",,,,,,,,,,,,,,,,,,,,,,,,,,
a99ce5e7-c08f-3fea-966e-fe59da788d47,,,,,,,,"room 24, Nand Deep Ind. Estate,, Kondivita Road, Andheri (E), Mumbai, Maharashtra- 400059",,,,http://www.tarang.org,,,,,,,,,,,,,,,,,,,,,,
da50e15c-dd12-3c80-8dc9-9ebc210ab783,,,,,,,,"room bvcd, zxsa, nbvc, Attur, Tamil Nadu- 765234",,,,,,,,,,,,,,,,,,,,,,,,,,
3bc8facf-fbe5-3c49-a43e-2661ff3452c9,,,,,,,,"room asccx, zasw, New Delhi, Delhi- 110007",,,,,,,,,,,,,,,,,,,,,,,,,,
bab397dd-9cea-35aa-af08-630b68d3b51a,,,,,,,,"room 2010 Ground floor, Om- Pranav apartments,, Sector- 1Airoli, Mumbai, Maharashtra- 400708",,,,,,,,,,,,,,,,,,,,,,,,,,
6cf3f2b2-f871-34d0-952f-4badefabfdaf,,,,,,,,"room cxsxe, cxzsw, Bellampalli, Telangana- 543216",,,,,,,,,,,,,,,,,,,,,,,,,,
3e193fb2-1cda-3343-8a1e-2e8fd5f6ccb0,,,,,,,,"room MISSION ROAD BEAT-01, Nuapada, Odisha- 766107",,,,http://www.ayauskam.org,,,,,,,,,,,,,,,,,,,,,,
590611dd-d698-30df-9a6b-e82a29d72054,,,,,,,,"room hjygjy, jygjk, Bhedaghat, Madhya Pradesh- 481116",,,,,,,,,,,,,,,,,,,,,,,,,,
ba6914d3-2062-3bb0-90c9-bd778d6c6932,,,,,,,,"room acac, acastr, New Delhi, Delhi- 110048",,,,http://www.thecredence.org,,,,,,,,,,,,,,,,,,,,,,
e600e5c4-e61d-3596-a79d-f5eae0ac649b,,,,,,,,"room vzccz, czxzxz, Alwarkurichi, Tamil Nadu- 234765",,,,,,,,,,,,,,,,,,,,,,,,,,
2d9f79fd-a231-3964-b08b-b0c492a3f0b2,,,,,,,,"room qqqqq, cxzs, Alapakkam, Tamil Nadu- 675432",,,,,,,,,,,,,,,,,,,,,,,,,,
80b97903-e1c5-3df1-94f2-5ddad67af538,,,,,,,,"room SHAHEED BHAWAN, 18/1, ARUNA ASAF ALI MARG, QUTUB INSTITUTIONAL AREA, New Delhi, Delhi- 110067",,,,http://www.hungerproject.org,,,,,,,,,,,,,,,,,,,,,,
38e07ea3-0bf0-3d5b-8ed1-d5c4200cd6a4,,,,,,,,"room asde, acastr, Mumbai, Maharashtra- 400011",,,,http://http://www.indiancancersociety.org,,,,,,,,,,,,,,,,,,,,,,
d0a4e4c9-488a-3b2a-8081-b16346a21401,,,,,,,,"room Village  Narhan, Tehsil Banjar,, Kulu, Himachal Pradesh- 175123",,,,,,,,,,,,,,,,,,,,,,,,,,
a98e1259-dba2-3f6c-9393-077c22c48aaf,,,,,,,,"room qqqqq, bavava, New Delhi, Delhi- 380007",,,,,,,,,,,,,,,,,,,,,,,,,,
1bebecdc-16d8-3eaf-b128-ab1d419e1bfb,,,,,,,,"room Khasra No. 322, IGNOU Road, IGNOU Road, New Delhi, Delhi- 110074",,,,http://www.kutumb.in,,,,,,,,,,,,,,,,,,,,,,
bbab1ffd-9a36-31e0-af63-3d19856139e0,,,,,,,,"room B-4/106, Basement, Safdarjung Enclave, New Delhi, Delhi- 110029",,,,http://www.resource-alliance.org,,,,,,,,,,,,,,,,,,,,,,
e4fa7276-6d40-3fbe-b18f-e84664d59faa,,,,,,,,"room ytre, asdf, Ahwa, Gujarat- 389765",,,,,,,,,,,,,,,,,,,,,,,,,,
7c013545-eb76-37e6-b832-12ce2cd93402,,,,,,,,"room Baru Sahib, Solan, Himachal Pradesh- 173101",,,,,,,,,,,,,,,,,,,,,,,,,,
8158eeb5-2275-3658-9a64-d7bac45968e7,,,,,,,,"room 1401, Bld No.4B, Dream Complex, Bhandup (W), LBS ROad, LBS marg, Mumbai, Maharashtra- 400078",,,,http://www.thinksharpfoundation.org,,,,,,,,,,,,,,,,,,,,,,
bfcd40ea-b25f-3ea4-b0c9-facf5c9053de,,,,,,,,"room 417 , Hossenpur,, KMC WARD NO 108 KOLKATA, Kolkata, West Bengal- 700107",,,,http://www.tomorrowsfoundation.org,,,,,,,,,,,,,,,,,,,,,,
d7622d49-6a6a-3768-9d4b-72b5514b0545,,,,,,,,"room Carolyn Bunglow C-3, Dahisar (West), Mumbai, Maharashtra- 400068",,,,http://www.touchonelife.org,,,,,,,,,,,,,,,,,,,,,,
39953a55-3c10-3aba-9c12-99ef09c731b9,,,,,,,,"room 456, Block K, New Alipore, Kolkata, West Bengal- 700053",,,,,,,,,,,,,,,,,,,,,,,,,,
dfb01a16-17bb-31f1-918b-1f6e52ddb295,,,,,,,,"room acac, fdsrd, New Delhi, Delhi- 110043",,,,http://www.theorigingo.org,,,,,,,,,,,,,,,,,,,,,,
74aee94b-a109-35b5-a0e1-68d5254ad4f0,,,,,,,,"room The OpenTree Foundation (Toybank) - Indira Building, Apt 2, Ground Floor,, Opp. Dadar Shivaji Park Gymkhana, Dadar West., Keluskar Road North,, Mumbai, Maharashtra- 400028",,,,http://www.toybank.org,,,,,,,,,,,,,,,,,,,,,,
3b623c5a-9962-3c30-94ce-336f0c3065b6,,,,,,,,"room Qr.No 4, Lajpat Bhawan,, Lajpat Nagar - IV, New Delhi, Delhi- 110024",,,,http://www.transparencyindia.org,,,,,,,,,,,,,,,,,,,,,,
b9f445fa-1cf7-3bfc-b6b8-0b5ffdd5a744,,,,,,,,"room Near Govt.Girl's High School Arthat, Guruvayoor Road Kunnamkulam, Chittur, Kerala- 680053",,,,http://www.thfi.in,,,,,,,,,,,,,,,,,,,,,,
f7d99a2f-e1e6-3f8b-9e0b-65faa9e45c0b,,,,,,,,"room 153 Akbarpura New Bast, Bahraich, Bahraich, Uttar Pradesh- 271801",,,,,,,,,,,,,,,,,,,,,,,,,,
fc36332a-9190-3238-a5a7-be20dd6f27d7,,,,,,,,"room NO. 6-E-1, Sri Krishna Mandira,, Hulimavu, New Delhi, Delhi- 560076",,,,,,,,,,,,,,,,,,,,,,,,,,
59d425c9-7f02-396e-b705-ee6281d66360,,,,,,,,"room GALI NO.- 5,H.NO.-282,SHYAM NAGAR, RAWATBHATTA ROAD, NEAR OF MURGI FARM, Kota, Rajasthan- 070809",,,,,,,,,,,,,,,,,,,,,,,,,,
9b868ecc-1b2d-32fb-9ced-b1301055ae24,,,,,,,,"room 16/97 A, Vikram Vihar,, Lajpat Nagar-IV,, New Delhi, Delhi- 110024",,,,,,,,,,,,,,,,,,,,,,,,,,
e7f9608a-23e6-35d4-b27a-dbfcca929ddf,,,,,,,,"room vczff, nvcxt, Bhopal, Madhya Pradesh- 462001",,,,,,,,,,,,,,,,,,,,,,,,,,
b795f3a2-d0ec-3136-9d7f-7d4a39a8f605,,,,,,,,"room 204,Alshakreen Apt,Nr.City Convent School,, Kausa-Mumbra, M H M Rd, Thane, Maharashtra- 400612",,,,http://www.umeedfoundation.in,,,,,,,,,,,,,,,,,,,,,,
812d29b8-8b95-31d8-9a77-58ae25eeaa39,,,,,,,,"room H. No.445, Punjabi Bazar, Kotla Mubarakpur, New Delhi, Delhi- 110003",,,,,,,,,,,,,,,,,,,,,,,,,,
5f1d9ed6-602d-30bd-9b5b-366e76725982,,,,,,,,"room #10/23, Thiruvengadam Street, R.A. Puram, Opposite LIC Staff Quarters, Chennai, Tamil Nadu- 600028",,,,,,,,,,,,,,,,,,,,,,,,,,
10454be0-28f4-3be4-bd42-83b9b5428613,,,,,,,,"room At/Post: Nagthana, Washim, Maharashtra- 444510",,,,,,,,,,,,,,,,,,,,,,,,,,
476e47d6-cdd9-3f59-8eb4-ee065b1336ac,,,,,,,,"room C-377  CHURCH ROAD INDIRA NAGAR,, Lucknow, Uttar Pradesh- 226016",,,,http://http://vatsalya.org.in/contact-us/,,,,,,,,,,,,,,,,,,,,,,
398cb529-efc4-3647-ae41-2bdc67160c77,,,,,,,,"room Victory Rural Development Society, 5-25, VKM Street NAGALAPURAM, Nayudupeta, Andhra Pradesh- 517589",,,,,,,,,,,,,,,,,,,,,,,,,,
ff41df2b-bc02-39ff-8d8c-17234c243103,,,,,,,,"room 1/7,103, Lalita Park, Laxmi Nagar, C/o Handicapped Welfare Federation, New Delhi, Delhi- 110092",,,,,,,,,,,,,,,,,,,,,,,,,,
dffad230-9b34-3308-99cf-370d7fb3379d,,,,,,,,"room AT. / POST. ASEGAON PEN TQ.-RISOD DISTT, WASHIM paras plaza, Washim, Maharashtra- 444510",,,,,,,,,,,,,,,,,,,,,,,,,,
afaedce9-2750-3aea-9efe-8579e9615578,,,,,,,,"room 8-6-211,Padmavathi Colony, Mahabubnagar, Andhra Pradesh- 509002",,,,,,,,,,,,,,,,,,,,,,,,,,
3886faf5-128b-3518-90bf-8456b4dc2fa6,,,,,,,,"room Circular Road, Teen Murti Marg, Chankyapuri, New Delhi, Delhi- 110021",,,,http://www.vykonline.org,,,,,,,,,,,,,,,,,,,,,,
88b94e86-4c6d-34c9-92f8-6d254f36a72a,,,,,,,,"room 5 Babulnath Road Near Central Bank of India, Babulnath Road, Mumbai, Maharashtra- 400007",,,,http://www.visionfoundationofindia.org,,,,,,,,,,,,,,,,,,,,,,
c289fd5e-7ad1-38fc-8c62-0c8a53a1c7f9,,,,,,,,"room 11111, asas, Itanagar, Arunachal Pradesh- 791113",,,,,,,,,,,,,,,,,,,,,,,,,,
74d5ce84-3976-344a-b3d4-6003e28e418b,,,,,,,,"room cxzs, zxsa, Banswada, Telangana- 543123",,,,,,,,,,,,,,,,,,,,,,,,,,
626109a2-ae56-3d5e-be55-7abeb2a384e3,,,,,,,,"room asde, Aagalgaon Road, New Delhi, Delhi- 110043",,,,http://www.voiceofworld.net,,,,,,,,,,,,,,,,,,,,,,
494faef5-0ce9-3453-96ff-82b5e56b843b,,,,,,,,"room asde, acastr, Chitradurga, Karnataka- 543215",,,,,,,,,,,,,,,,,,,,,,,,,,
88054a6c-0ee8-3482-a7b7-7154b8100714,,,,,,,,"room aaaaaa, zaa, Dimaruguri, Assam- 834002",,,,,,,,,,,,,,,,,,,,,,,,,,
78cd1f0b-687c-372e-b384-73e5e9eda253,,,,,,,,"room Mattilayam P.O. Vellamunda, Wayanad, Kerala- 670731",,,,,,,,,,,,,,,,,,,,,,,,,,
b08a41bd-3761-39f1-a94c-d66fac087a4b,,,,,,,,"room 877 Rampur, Shekhpur Samodha, Bachhrawan, Rae Bareilly, Uttar Pradesh- 229301",,,,,,,,,,,,,,,,,,,,,,,,,,
229524b7-5d7b-3a46-a223-0094535e8275,,,,,,,,"room Door No. 4, II Floor,, Langford Town, OShaughnessy Road,, Bengaluru, Karnataka- 560025",,,,http://www.wcs.org.in,,,,,,,,,,,,,,,,,,,,,,
3b503e76-17c7-31f3-93e5-c9c9073efbd5,,,,,,,,"room 109 M, 2nd Floor, JAYAVILAS COMPLEX,, Cuddalore Road, Muthaliarpet,, Pondicherry, Pondicherry- 605004",,,,,,,,,,,,,,,,,,,,,,,,,,
9452186d-dc19-3725-b3d3-35e481ceaf14,,,,,,,,"room asde, acastr, Thane, Maharashtra- 400011",,,,,,,,,,,,,,,,,,,,,,,,,,
3303b323-acff-3cc7-8c59-4876ab9c620b,,,,,,,,"room WED Trust,, Chellampatti, Madurai District, Madurai, Tamil Nadu- 625566",,,,http://www.wedtrustindia.org,,,,,,,,,,,,,,,,,,,,,,
b10249ee-c4c8-3d26-8dbf-7eeb28d90176,,,,,,,,"room 352, Wadha Business Complex, Laxmi Nagar, New Delhi, Delhi- 110092",,,,http://www.worldwithoutobstacles.org,,,,,,,,,,,,,,,,,,,,,,
2ec6b823-9b11-3341-be27-bb96c5cefa45,,,,,,,,"room 14/261 DAKSHIN PURI Extension, New Delhi, Delhi- 110062",,,,,,,,,,,,,,,,,,,,,,,,,,
11a5e9ab-f515-383f-8908-1ed6af1289a1,,,,,,,,"room 6th Medical Bank Colony, Bapuji Nagar, Berhampur, Berhampur, Odisha- 760004",,,,http://www.ysd.org,,,,,,,,,,,,,,,,,,,,,,
d923947a-80ca-393e-991e-6599dd5c60ac,,,,,,,,"room 1, nishant Bunglows, Near Bariz Avenew Society, St.Xavier Road Chavdapura,Jitodia, Anand, Gujarat- 388001",,,,,,,,,,,,,,,,,,,,,,,,,,
a29775ed-1159-3a1b-8320-e9f7605c5dc4,,,,,,,,"room 7, DAULAT, OPP. GAJAPANTH NAGAR, NEAR AADITYA BUNGLOW DINDORI ROAD, Nashik, Maharashtra- 422004",,,,,,,,,,,,,,,,,,,,,,,,,,
c2727745-8d28-3892-b265-bdc40c4c4f7e,,,,,,,,"room aaaaaa, acastr, New Delhi, Delhi- 110007",,,,,,,,,,,,,,,,,,,,,,,,,,
ff693068-fbb0-32d6-976a-9beef398c03b,,,,,,,,"room cacac, sadeft, New Delhi, Delhi- 110007",,,,http://www.zmqdev.org,,,,,,,,,,,,,,,,,,,,,,
a9f2b920-fb16-355a-a1ca-7c8190173e11,,,,,,,,"room asde, cacac, Bengaluru, Karnataka- 543123",,,,http://http://www.youthforseva.org,,,,,,,,,,,,,,,,,,,,,,
